slug,page_type,source_type,source_label,filter_type,required_product_fields,product_filter
promotional-giveaways-australia,product_category,category,Giveaways & Event Accessories,category,category; is_published,"{""type"":""category"",""category"":""Giveaways & Event Accessories""}"
outdoor-promotional-products-australia,product_category,category,Outdoor & Sports,category,category; is_published,"{""type"":""category"",""category"":""Outdoor & Sports""}"
branded-homewares-australia,product_category,category,Home & Living,category,category; is_published,"{""type"":""category"",""category"":""Home & Living""}"
branded-travel-accessories-australia,product_category,category,Travel,category,category; is_published,"{""type"":""category"",""category"":""Travel""}"
branded-tools-and-car-accessories-australia,product_category,category,Tools & Auto,category,category; is_published,"{""type"":""category"",""category"":""Tools & Auto""}"
branded-barware-australia,product_category,category,Barware & Accessories,category,category; is_published,"{""type"":""category"",""category"":""Barware & Accessories""}"
custom-keyrings-australia,product_category,category,Key Rings,category,category; is_published,"{""type"":""category"",""category"":""Key Rings""}"
trade-show-displays-australia,product_category,category,Flags & Displays,category,category; is_published,"{""type"":""category"",""category"":""Flags & Displays""}"
printed-marketing-materials-australia,product_category,category,Marketing Materials,category,category; is_published,"{""type"":""category"",""category"":""Marketing Materials""}"
branded-office-supplies-australia,product_category,category,Office & Desk,category,category; is_published,"{""type"":""category"",""category"":""Office & Desk""}"
custom-bags-australia,product_category,category,Bags,category,category; is_published,"{""type"":""category"",""category"":""Bags""}"
custom-branded-apparel-australia,product_category,category,Apparel,category,category; is_published,"{""type"":""category"",""category"":""Apparel""}"
custom-drinkware-australia,product_category,category,Drinkware,category,category; is_published,"{""type"":""category"",""category"":""Drinkware""}"
branded-pens-australia,product_category,category,Pens,category,category; is_published,"{""type"":""category"",""category"":""Pens""}"
corporate-tech-gifts-australia,product_category,category,Technology,category,category; is_published,"{""type"":""category"",""category"":""Technology""}"
custom-headwear-australia,product_category,category,Headwear,category,category; is_published,"{""type"":""category"",""category"":""Headwear""}"
custom-packaging-australia,product_category,category,Packaging,category,category; is_published,"{""type"":""category"",""category"":""Packaging""}"
branded-personal-care-products-australia,product_category,category,Personal Care,category,category; is_published,"{""type"":""category"",""category"":""Personal Care""}"
branded-pet-products-australia,product_category,category,Pet,category,category; is_published,"{""type"":""category"",""category"":""Pet""}"
promotional-toys-and-games-australia,product_category,category,Toys & Games,category,category; is_published,"{""type"":""category"",""category"":""Toys & Games""}"
custom-lanyards-australia,product_category,subcategory,Giveaways & Event Accessories > Lanyards,subcategory,category; is_published; subcategory,"{""type"":""subcategory"",""category"":""Giveaways & Event Accessories"",""subcategory"":""Lanyards""}"
id-card-holders-australia,product_category,subcategory,Giveaways & Event Accessories > ID Holders,subcategory,category; is_published; subcategory,"{""type"":""subcategory"",""category"":""Giveaways & Event Accessories"",""subcategory"":""ID Holders""}"
custom-wristbands-australia,product_category,subcategory,Giveaways & Event Accessories > Wristbands,subcategory,category; is_published; subcategory,"{""type"":""subcategory"",""category"":""Giveaways & Event Accessories"",""subcategory"":""Wristbands""}"
custom-badges-australia,product_category,subcategory,Giveaways & Event Accessories > Badges,subcategory,category; is_published; subcategory,"{""type"":""subcategory"",""category"":""Giveaways & Event Accessories"",""subcategory"":""Badges""}"
custom-fridge-magnets-australia,product_category,subcategory,Giveaways & Event Accessories > Magnets,subcategory,category; is_published; subcategory,"{""type"":""subcategory"",""category"":""Giveaways & Event Accessories"",""subcategory"":""Magnets""}"
temporary-tattoos-australia,product_category,subcategory,Giveaways & Event Accessories > Temporary Tattoos,subcategory,category; is_published; subcategory,"{""type"":""subcategory"",""category"":""Giveaways & Event Accessories"",""subcategory"":""Temporary Tattoos""}"
custom-balloons-australia,product_category,subcategory,Giveaways & Event Accessories > Balloons,subcategory,category; is_published; subcategory,"{""type"":""subcategory"",""category"":""Giveaways & Event Accessories"",""subcategory"":""Balloons""}"
promotional-stickers-and-patches-australia,product_category,subcategory,Giveaways & Event Accessories > Stickers & Patches,subcategory,category; is_published; subcategory,"{""type"":""subcategory"",""category"":""Giveaways & Event Accessories"",""subcategory"":""Stickers & Patches""}"
novelty-giveaways-australia,product_category,subcategory,Giveaways & Event Accessories > Novelty Giveaways,subcategory,category; is_published; subcategory,"{""type"":""subcategory"",""category"":""Giveaways & Event Accessories"",""subcategory"":""Novelty Giveaways""}"
promotional-sports-products-australia,product_category,subcategory,Outdoor & Sports > Sports Products,subcategory,category; is_published; subcategory,"{""type"":""subcategory"",""category"":""Outdoor & Sports"",""subcategory"":""Sports Products""}"
custom-golf-products-australia,product_category,subcategory,Outdoor & Sports > Golf Products,subcategory,category; is_published; subcategory,"{""type"":""subcategory"",""category"":""Outdoor & Sports"",""subcategory"":""Golf Products""}"
custom-umbrellas-australia,product_category,subcategory,Outdoor & Sports > Umbrellas,subcategory,category; is_published; subcategory,"{""type"":""subcategory"",""category"":""Outdoor & Sports"",""subcategory"":""Umbrellas""}"
custom-towels-australia,product_category,subcategory,Outdoor & Sports > Towels,subcategory,category; is_published; subcategory,"{""type"":""subcategory"",""category"":""Outdoor & Sports"",""subcategory"":""Towels""}"
camping-gear-australia,product_category,subcategory,Outdoor & Sports > Camping & Outdoors,subcategory,category; is_published; subcategory,"{""type"":""subcategory"",""category"":""Outdoor & Sports"",""subcategory"":""Camping & Outdoors""}"
picnic-and-bbq-australia,product_category,subcategory,Outdoor & Sports > Picnic & BBQ,subcategory,category; is_published; subcategory,"{""type"":""subcategory"",""category"":""Outdoor & Sports"",""subcategory"":""Picnic & BBQ""}"
custom-sunglasses-australia,product_category,subcategory,Outdoor & Sports > Sunglasses,subcategory,category; is_published; subcategory,"{""type"":""subcategory"",""category"":""Outdoor & Sports"",""subcategory"":""Sunglasses""}"
picnic-blankets-australia,product_category,subcategory,Outdoor & Sports > Blankets,subcategory,category; is_published; subcategory,"{""type"":""subcategory"",""category"":""Outdoor & Sports"",""subcategory"":""Blankets""}"
custom-supporter-gear-australia,product_category,subcategory,Outdoor & Sports > Supporter Gear,subcategory,category; is_published; subcategory,"{""type"":""subcategory"",""category"":""Outdoor & Sports"",""subcategory"":""Supporter Gear""}"
custom-kitchenware-australia,product_category,subcategory,Home & Living > Kitchen & Dining,subcategory,category; is_published; subcategory,"{""type"":""subcategory"",""category"":""Home & Living"",""subcategory"":""Kitchen & Dining""}"
cheese-boards-australia,product_category,subcategory,Home & Living > Cheese & Serving Boards,subcategory,category; is_published; subcategory,"{""type"":""subcategory"",""category"":""Home & Living"",""subcategory"":""Cheese & Serving Boards""}"
promotional-home-decor-australia,product_category,subcategory,Home & Living > Home Decor,subcategory,category; is_published; subcategory,"{""type"":""subcategory"",""category"":""Home & Living"",""subcategory"":""Home Decor""}"
candles-and-diffusers-australia,product_category,subcategory,Home & Living > Candles & Diffusers,subcategory,category; is_published; subcategory,"{""type"":""subcategory"",""category"":""Home & Living"",""subcategory"":""Candles & Diffusers""}"
custom-luggage-tags-australia,product_category,subcategory,Travel > Luggage Tags,subcategory,category; is_published; subcategory,"{""type"":""subcategory"",""category"":""Travel"",""subcategory"":""Luggage Tags""}"
passport-holders-australia,product_category,subcategory,Travel > Passport Holders,subcategory,category; is_published; subcategory,"{""type"":""subcategory"",""category"":""Travel"",""subcategory"":""Passport Holders""}"
travel-wallets-australia,product_category,subcategory,Travel > Travel Wallets,subcategory,category; is_published; subcategory,"{""type"":""subcategory"",""category"":""Travel"",""subcategory"":""Travel Wallets""}"
travel-pillows-australia,product_category,subcategory,Travel > Travel Pillows & Comfort,subcategory,category; is_published; subcategory,"{""type"":""subcategory"",""category"":""Travel"",""subcategory"":""Travel Pillows & Comfort""}"
travel-accessories-australia,product_category,subcategory,Travel > Travel Accessories,subcategory,category; is_published; subcategory,"{""type"":""subcategory"",""category"":""Travel"",""subcategory"":""Travel Accessories""}"
custom-multi-tools-australia,product_category,subcategory,Tools & Auto > Multi-Tools,subcategory,category; is_published; subcategory,"{""type"":""subcategory"",""category"":""Tools & Auto"",""subcategory"":""Multi-Tools""}"
custom-tape-measures-australia,product_category,subcategory,Tools & Auto > Tape Measures,subcategory,category; is_published; subcategory,"{""type"":""subcategory"",""category"":""Tools & Auto"",""subcategory"":""Tape Measures""}"
custom-torches-australia,product_category,subcategory,Tools & Auto > Torches & Lights,subcategory,category; is_published; subcategory,"{""type"":""subcategory"",""category"":""Tools & Auto"",""subcategory"":""Torches & Lights""}"
tool-sets-australia,product_category,subcategory,Tools & Auto > Tool Sets & Screwdrivers,subcategory,category; is_published; subcategory,"{""type"":""subcategory"",""category"":""Tools & Auto"",""subcategory"":""Tool Sets & Screwdrivers""}"
car-accessories-australia,product_category,subcategory,Tools & Auto > Car Accessories,subcategory,category; is_published; subcategory,"{""type"":""subcategory"",""category"":""Tools & Auto"",""subcategory"":""Car Accessories""}"
custom-coasters-australia,product_category,subcategory,Barware & Accessories > Coasters,subcategory,category; is_published; subcategory,"{""type"":""subcategory"",""category"":""Barware & Accessories"",""subcategory"":""Coasters""}"
custom-bottle-openers-australia,product_category,subcategory,Barware & Accessories > Bottle Openers,subcategory,category; is_published; subcategory,"{""type"":""subcategory"",""category"":""Barware & Accessories"",""subcategory"":""Bottle Openers""}"
custom-stubby-holders-australia,product_category,subcategory,Barware & Accessories > Stubby Holders,subcategory,category; is_published; subcategory,"{""type"":""subcategory"",""category"":""Barware & Accessories"",""subcategory"":""Stubby Holders""}"
custom-bar-mats-australia,product_category,subcategory,Barware & Accessories > Bar Mats,subcategory,category; is_published; subcategory,"{""type"":""subcategory"",""category"":""Barware & Accessories"",""subcategory"":""Bar Mats""}"
branded-wine-accessories-australia,product_category,subcategory,Barware & Accessories > Wine Accessories,subcategory,category; is_published; subcategory,"{""type"":""subcategory"",""category"":""Barware & Accessories"",""subcategory"":""Wine Accessories""}"
bar-accessories-australia,product_category,subcategory,Barware & Accessories > Bar Accessories,subcategory,category; is_published; subcategory,"{""type"":""subcategory"",""category"":""Barware & Accessories"",""subcategory"":""Bar Accessories""}"
custom-metal-keyrings-australia,product_category,subcategory,Key Rings > Metal Keyrings,subcategory,category; is_published; subcategory,"{""type"":""subcategory"",""category"":""Key Rings"",""subcategory"":""Metal Keyrings""}"
leather-keyrings-australia,product_category,subcategory,Key Rings > Leather Keyrings,subcategory,category; is_published; subcategory,"{""type"":""subcategory"",""category"":""Key Rings"",""subcategory"":""Leather Keyrings""}"
silicone-keyrings-australia,product_category,subcategory,Key Rings > Silicone & PVC Keyrings,subcategory,category; is_published; subcategory,"{""type"":""subcategory"",""category"":""Key Rings"",""subcategory"":""Silicone & PVC Keyrings""}"
eco-keyrings-australia,product_category,subcategory,Key Rings > Eco Keyrings,subcategory,category; is_published; subcategory,"{""type"":""subcategory"",""category"":""Key Rings"",""subcategory"":""Eco Keyrings""}"
functional-keyrings-australia,product_category,subcategory,Key Rings > Functional Keyrings,subcategory,category; is_published; subcategory,"{""type"":""subcategory"",""category"":""Key Rings"",""subcategory"":""Functional Keyrings""}"
novelty-keyrings-australia,product_category,subcategory,Key Rings > Novelty Keyrings,subcategory,category; is_published; subcategory,"{""type"":""subcategory"",""category"":""Key Rings"",""subcategory"":""Novelty Keyrings""}"
custom-feather-flags-australia,product_category,subcategory,Flags & Displays > Feather & Teardrop Flags,subcategory,category; is_published; subcategory,"{""type"":""subcategory"",""category"":""Flags & Displays"",""subcategory"":""Feather & Teardrop Flags""}"
pull-up-banners-australia,product_category,subcategory,Flags & Displays > Pull Up Banners,subcategory,category; is_published; subcategory,"{""type"":""subcategory"",""category"":""Flags & Displays"",""subcategory"":""Pull Up Banners""}"
media-walls-australia,product_category,subcategory,Flags & Displays > Media Walls,subcategory,category; is_published; subcategory,"{""type"":""subcategory"",""category"":""Flags & Displays"",""subcategory"":""Media Walls""}"
custom-marquees-australia,product_category,subcategory,Flags & Displays > Marquees,subcategory,category; is_published; subcategory,"{""type"":""subcategory"",""category"":""Flags & Displays"",""subcategory"":""Marquees""}"
custom-table-covers-australia,product_category,subcategory,Flags & Displays > Table Covers,subcategory,category; is_published; subcategory,"{""type"":""subcategory"",""category"":""Flags & Displays"",""subcategory"":""Table Covers""}"
a-frame-signage-australia,product_category,subcategory,Flags & Displays > A-Frames & Signage,subcategory,category; is_published; subcategory,"{""type"":""subcategory"",""category"":""Flags & Displays"",""subcategory"":""A-Frames & Signage""}"
custom-stickers-australia,product_category,subcategory,Marketing Materials > Labels & Stickers,subcategory,category; is_published; subcategory,"{""type"":""subcategory"",""category"":""Marketing Materials"",""subcategory"":""Labels & Stickers""}"
resin-labels-australia,product_category,subcategory,Marketing Materials > Resin Labels,subcategory,category; is_published; subcategory,"{""type"":""subcategory"",""category"":""Marketing Materials"",""subcategory"":""Resin Labels""}"
business-cards-australia,product_category,subcategory,Marketing Materials > Business Cards,subcategory,category; is_published; subcategory,"{""type"":""subcategory"",""category"":""Marketing Materials"",""subcategory"":""Business Cards""}"
branded-notebooks-australia,product_category,subcategory,Office & Desk > Notebooks,subcategory,category; is_published; subcategory,"{""type"":""subcategory"",""category"":""Office & Desk"",""subcategory"":""Notebooks""}"
custom-note-pads-australia,product_category,subcategory,Office & Desk > Note Pads,subcategory,category; is_published; subcategory,"{""type"":""subcategory"",""category"":""Office & Desk"",""subcategory"":""Note Pads""}"
custom-planners-australia,product_category,subcategory,Office & Desk > Pads & Planners,subcategory,category; is_published; subcategory,"{""type"":""subcategory"",""category"":""Office & Desk"",""subcategory"":""Pads & Planners""}"
custom-sticky-notes-australia,product_category,subcategory,Office & Desk > Sticky Notes,subcategory,category; is_published; subcategory,"{""type"":""subcategory"",""category"":""Office & Desk"",""subcategory"":""Sticky Notes""}"
custom-stationery-australia,product_category,subcategory,Office & Desk > Stationery,subcategory,category; is_published; subcategory,"{""type"":""subcategory"",""category"":""Office & Desk"",""subcategory"":""Stationery""}"
desk-accessories-australia,product_category,subcategory,Office & Desk > Desk Items,subcategory,category; is_published; subcategory,"{""type"":""subcategory"",""category"":""Office & Desk"",""subcategory"":""Desk Items""}"
custom-compendiums-australia,product_category,subcategory,Office & Desk > Portfolios & Compendiums,subcategory,category; is_published; subcategory,"{""type"":""subcategory"",""category"":""Office & Desk"",""subcategory"":""Portfolios & Compendiums""}"
custom-pencil-cases-australia,product_category,subcategory,Office & Desk > Pencil Cases,subcategory,category; is_published; subcategory,"{""type"":""subcategory"",""category"":""Office & Desk"",""subcategory"":""Pencil Cases""}"
custom-rulers-australia,product_category,subcategory,Office & Desk > Rulers,subcategory,category; is_published; subcategory,"{""type"":""subcategory"",""category"":""Office & Desk"",""subcategory"":""Rulers""}"
custom-tote-bags-australia,product_category,subcategory,Bags > Tote Bags,subcategory,category; is_published; subcategory,"{""type"":""subcategory"",""category"":""Bags"",""subcategory"":""Tote Bags""}"
custom-cotton-tote-bags-australia,product_category,manual,Bags > Cotton Tote Bags,compound,category; is_published; material_tags,"{""type"":""compound"",""category"":""Bags"",""material"":""Cotton""}"
custom-cooler-bags-australia,product_category,subcategory,Bags > Cooler Bags,subcategory,category; is_published; subcategory,"{""type"":""subcategory"",""category"":""Bags"",""subcategory"":""Cooler Bags""}"
custom-backpacks-australia,product_category,subcategory,Bags > Backpacks,subcategory,category; is_published; subcategory,"{""type"":""subcategory"",""category"":""Bags"",""subcategory"":""Backpacks""}"
custom-paper-bags-australia,product_category,subcategory,Bags > Paper Bags,subcategory,category; is_published; subcategory,"{""type"":""subcategory"",""category"":""Bags"",""subcategory"":""Paper Bags""}"
custom-drawstring-bags-australia,product_category,subcategory,Bags > Drawstring Bags,subcategory,category; is_published; subcategory,"{""type"":""subcategory"",""category"":""Bags"",""subcategory"":""Drawstring Bags""}"
custom-duffle-bags-australia,product_category,subcategory,Bags > Travel & Duffle Bags,subcategory,category; is_published; subcategory,"{""type"":""subcategory"",""category"":""Bags"",""subcategory"":""Travel & Duffle Bags""}"
custom-toiletry-bags-australia,product_category,subcategory,Bags > Toiletry Bags,subcategory,category; is_published; subcategory,"{""type"":""subcategory"",""category"":""Bags"",""subcategory"":""Toiletry Bags""}"
jute-bags-australia,product_category,subcategory,Bags > Jute Bags,subcategory,category; is_published; subcategory,"{""type"":""subcategory"",""category"":""Bags"",""subcategory"":""Jute Bags""}"
custom-laptop-bags-australia,product_category,subcategory,Bags > Laptop Bags,subcategory,category; is_published; subcategory,"{""type"":""subcategory"",""category"":""Bags"",""subcategory"":""Laptop Bags""}"
wine-carriers-australia,product_category,subcategory,Bags > Wine Carriers,subcategory,category; is_published; subcategory,"{""type"":""subcategory"",""category"":""Bags"",""subcategory"":""Wine Carriers""}"
crossbody-bags-australia,product_category,subcategory,Bags > Crossbody & Belt Bags,subcategory,category; is_published; subcategory,"{""type"":""subcategory"",""category"":""Bags"",""subcategory"":""Crossbody & Belt Bags""}"
satchel-bags-australia,product_category,subcategory,Bags > Satchel Bags,subcategory,category; is_published; subcategory,"{""type"":""subcategory"",""category"":""Bags"",""subcategory"":""Satchel Bags""}"
dry-bags-australia,product_category,subcategory,Bags > Dry Bags,subcategory,category; is_published; subcategory,"{""type"":""subcategory"",""category"":""Bags"",""subcategory"":""Dry Bags""}"
custom-t-shirts-australia,product_category,subcategory,Apparel > T-Shirts,subcategory,category; is_published; subcategory,"{""type"":""subcategory"",""category"":""Apparel"",""subcategory"":""T-Shirts""}"
custom-polo-shirts-australia,product_category,subcategory,Apparel > Polo Shirts,subcategory,category; is_published; subcategory,"{""type"":""subcategory"",""category"":""Apparel"",""subcategory"":""Polo Shirts""}"
custom-hoodies-australia,product_category,subcategory,Apparel > Hoodies,subcategory,category; is_published; subcategory,"{""type"":""subcategory"",""category"":""Apparel"",""subcategory"":""Hoodies""}"
custom-sweatshirts-australia,product_category,subcategory,Apparel > Sweatshirts,subcategory,category; is_published; subcategory,"{""type"":""subcategory"",""category"":""Apparel"",""subcategory"":""Sweatshirts""}"
custom-jackets-australia,product_category,subcategory,Apparel > Jackets,subcategory,category; is_published; subcategory,"{""type"":""subcategory"",""category"":""Apparel"",""subcategory"":""Jackets""}"
custom-shirts-australia,product_category,subcategory,Apparel > Shirts,subcategory,category; is_published; subcategory,"{""type"":""subcategory"",""category"":""Apparel"",""subcategory"":""Shirts""}"
custom-vests-australia,product_category,subcategory,Apparel > Vests,subcategory,category; is_published; subcategory,"{""type"":""subcategory"",""category"":""Apparel"",""subcategory"":""Vests""}"
workwear-pants-and-shorts-australia,product_category,subcategory,Apparel > Pants & Shorts,subcategory,category; is_published; subcategory,"{""type"":""subcategory"",""category"":""Apparel"",""subcategory"":""Pants & Shorts""}"
branded-workwear-australia,product_category,manual,Apparel > Workwear,compound,category; is_published; tags,"{""type"":""compound"",""category"":""Apparel"",""tags"":[""workwear""]}"
custom-teamwear-australia,product_category,manual,Apparel > Teamwear,compound,category; is_published; tags,"{""type"":""compound"",""category"":""Apparel"",""tags"":[""teamwear""]}"
custom-aprons-australia,product_category,subcategory,Apparel > Aprons,subcategory,category; is_published; subcategory,"{""type"":""subcategory"",""category"":""Apparel"",""subcategory"":""Aprons""}"
custom-socks-australia,product_category,subcategory,Apparel > Socks,subcategory,category; is_published; subcategory,"{""type"":""subcategory"",""category"":""Apparel"",""subcategory"":""Socks""}"
branded-scarves-and-accessories-australia,product_category,subcategory,Apparel > Scarves & Accessories,subcategory,category; is_published; subcategory,"{""type"":""subcategory"",""category"":""Apparel"",""subcategory"":""Scarves & Accessories""}"
custom-drink-bottles-australia,product_category,subcategory,Drinkware > Drink Bottles,subcategory,category; is_published; subcategory,"{""type"":""subcategory"",""category"":""Drinkware"",""subcategory"":""Drink Bottles""}"
custom-coffee-cups-australia,product_category,subcategory,Drinkware > Coffee Cups,subcategory,category; is_published; subcategory,"{""type"":""subcategory"",""category"":""Drinkware"",""subcategory"":""Coffee Cups""}"
custom-travel-mugs-australia,product_category,subcategory,Drinkware > Travel Mugs,subcategory,category; is_published; subcategory,"{""type"":""subcategory"",""category"":""Drinkware"",""subcategory"":""Travel Mugs""}"
custom-tumblers-australia,product_category,subcategory,Drinkware > Tumblers,subcategory,category; is_published; subcategory,"{""type"":""subcategory"",""category"":""Drinkware"",""subcategory"":""Tumblers""}"
custom-mugs-australia,product_category,subcategory,Drinkware > Mugs,subcategory,category; is_published; subcategory,"{""type"":""subcategory"",""category"":""Drinkware"",""subcategory"":""Mugs""}"
branded-glassware-australia,product_category,subcategory,Drinkware > Glassware,subcategory,category; is_published; subcategory,"{""type"":""subcategory"",""category"":""Drinkware"",""subcategory"":""Glassware""}"
custom-flasks-australia,product_category,subcategory,Drinkware > Flasks,subcategory,category; is_published; subcategory,"{""type"":""subcategory"",""category"":""Drinkware"",""subcategory"":""Flasks""}"
custom-teaware-australia,product_category,subcategory,Drinkware > Teaware,subcategory,category; is_published; subcategory,"{""type"":""subcategory"",""category"":""Drinkware"",""subcategory"":""Teaware""}"
custom-ballpoint-pens-australia,product_category,subcategory,Pens > Ballpoint Pens,subcategory,category; is_published; subcategory,"{""type"":""subcategory"",""category"":""Pens"",""subcategory"":""Ballpoint Pens""}"
custom-metal-pens-australia,product_category,manual,Pens > Metal Pens,compound,category; is_published; material_tags,"{""type"":""compound"",""category"":""Pens"",""material"":""Metal""}"
custom-plastic-pens-australia,product_category,manual,Pens > Plastic Pens,compound,category; is_published; material_tags,"{""type"":""compound"",""category"":""Pens"",""material"":""Plastic""}"
custom-stylus-pens-australia,product_category,subcategory,Pens > Stylus Pens,subcategory,category; is_published; subcategory,"{""type"":""subcategory"",""category"":""Pens"",""subcategory"":""Stylus Pens""}"
custom-highlighters-australia,product_category,subcategory,Pens > Highlighters,subcategory,category; is_published; subcategory,"{""type"":""subcategory"",""category"":""Pens"",""subcategory"":""Highlighters""}"
custom-markers-australia,product_category,subcategory,Pens > Markers,subcategory,category; is_published; subcategory,"{""type"":""subcategory"",""category"":""Pens"",""subcategory"":""Markers""}"
eco-pens-australia,product_category,manual,Pens > Eco Pens,compound,category; is_eco; is_published,"{""type"":""compound"",""category"":""Pens"",""is_eco"":true}"
custom-pencils-australia,product_category,subcategory,Pens > Pencils,subcategory,category; is_published; subcategory,"{""type"":""subcategory"",""category"":""Pens"",""subcategory"":""Pencils""}"
custom-power-banks-australia,product_category,subcategory,Technology > Power Banks,subcategory,category; is_published; subcategory,"{""type"":""subcategory"",""category"":""Technology"",""subcategory"":""Power Banks""}"
custom-bluetooth-speakers-australia,product_category,subcategory,Technology > Bluetooth Speakers,subcategory,category; is_published; subcategory,"{""type"":""subcategory"",""category"":""Technology"",""subcategory"":""Bluetooth Speakers""}"
custom-earbuds-australia,product_category,subcategory,Technology > Earbuds & Headphones,subcategory,category; is_published; subcategory,"{""type"":""subcategory"",""category"":""Technology"",""subcategory"":""Earbuds & Headphones""}"
custom-charging-cables-australia,product_category,subcategory,Technology > Charging Cables & Chargers,subcategory,category; is_published; subcategory,"{""type"":""subcategory"",""category"":""Technology"",""subcategory"":""Charging Cables & Chargers""}"
wireless-chargers-australia,product_category,subcategory,Technology > Wireless Chargers,subcategory,category; is_published; subcategory,"{""type"":""subcategory"",""category"":""Technology"",""subcategory"":""Wireless Chargers""}"
custom-phone-accessories-australia,product_category,subcategory,Technology > Phone Accessories,subcategory,category; is_published; subcategory,"{""type"":""subcategory"",""category"":""Technology"",""subcategory"":""Phone Accessories""}"
custom-usb-drives-australia,product_category,subcategory,Technology > USB Flash Drives,subcategory,category; is_published; subcategory,"{""type"":""subcategory"",""category"":""Technology"",""subcategory"":""USB Flash Drives""}"
tech-accessories-australia,product_category,subcategory,Technology > Tech Accessories,subcategory,category; is_published; subcategory,"{""type"":""subcategory"",""category"":""Technology"",""subcategory"":""Tech Accessories""}"
custom-caps-australia,product_category,subcategory,Headwear > Caps,subcategory,category; is_published; subcategory,"{""type"":""subcategory"",""category"":""Headwear"",""subcategory"":""Caps""}"
custom-beanies-australia,product_category,subcategory,Headwear > Beanies,subcategory,category; is_published; subcategory,"{""type"":""subcategory"",""category"":""Headwear"",""subcategory"":""Beanies""}"
custom-bucket-hats-australia,product_category,subcategory,Headwear > Bucket Hats,subcategory,category; is_published; subcategory,"{""type"":""subcategory"",""category"":""Headwear"",""subcategory"":""Bucket Hats""}"
custom-wide-brim-hats-australia,product_category,subcategory,Headwear > Wide Brim Hats,subcategory,category; is_published; subcategory,"{""type"":""subcategory"",""category"":""Headwear"",""subcategory"":""Wide Brim Hats""}"
straw-hats-australia,product_category,subcategory,Headwear > Straw Hats,subcategory,category; is_published; subcategory,"{""type"":""subcategory"",""category"":""Headwear"",""subcategory"":""Straw Hats""}"
custom-visors-australia,product_category,subcategory,Headwear > Visors,subcategory,category; is_published; subcategory,"{""type"":""subcategory"",""category"":""Headwear"",""subcategory"":""Visors""}"
novelty-headwear-australia,product_category,subcategory,Headwear > Novelty Headwear,subcategory,category; is_published; subcategory,"{""type"":""subcategory"",""category"":""Headwear"",""subcategory"":""Novelty Headwear""}"
custom-gift-boxes-australia,product_category,subcategory,Packaging > Gift Boxes,subcategory,category; is_published; subcategory,"{""type"":""subcategory"",""category"":""Packaging"",""subcategory"":""Gift Boxes""}"
custom-gift-bags-australia,product_category,subcategory,Packaging > Gift Bags,subcategory,category; is_published; subcategory,"{""type"":""subcategory"",""category"":""Packaging"",""subcategory"":""Gift Bags""}"
gift-tubes-australia,product_category,subcategory,Packaging > Gift Tubes,subcategory,category; is_published; subcategory,"{""type"":""subcategory"",""category"":""Packaging"",""subcategory"":""Gift Tubes""}"
custom-pouches-australia,product_category,subcategory,Packaging > Pouches,subcategory,category; is_published; subcategory,"{""type"":""subcategory"",""category"":""Packaging"",""subcategory"":""Pouches""}"
custom-tissue-paper-australia,product_category,subcategory,Packaging > Tissue & Wrapping,subcategory,category; is_published; subcategory,"{""type"":""subcategory"",""category"":""Packaging"",""subcategory"":""Tissue & Wrapping""}"
ribbons-and-gift-tags-australia,product_category,subcategory,Packaging > Ribbons & Gift Tags,subcategory,category; is_published; subcategory,"{""type"":""subcategory"",""category"":""Packaging"",""subcategory"":""Ribbons & Gift Tags""}"
greeting-cards-australia,product_category,subcategory,Packaging > Greeting & Gift Cards,subcategory,category; is_published; subcategory,"{""type"":""subcategory"",""category"":""Packaging"",""subcategory"":""Greeting & Gift Cards""}"
custom-lip-balm-australia,product_category,subcategory,Personal Care > Lip Balms,subcategory,category; is_published; subcategory,"{""type"":""subcategory"",""category"":""Personal Care"",""subcategory"":""Lip Balms""}"
custom-hand-sanitiser-australia,product_category,subcategory,Personal Care > Hand Sanitiser,subcategory,category; is_published; subcategory,"{""type"":""subcategory"",""category"":""Personal Care"",""subcategory"":""Hand Sanitiser""}"
custom-face-masks-australia,product_category,subcategory,Personal Care > Face Masks,subcategory,category; is_published; subcategory,"{""type"":""subcategory"",""category"":""Personal Care"",""subcategory"":""Face Masks""}"
sunscreen-australia,product_category,subcategory,Personal Care > Sunscreen & Lotions,subcategory,category; is_published; subcategory,"{""type"":""subcategory"",""category"":""Personal Care"",""subcategory"":""Sunscreen & Lotions""}"
first-aid-kits-australia,product_category,subcategory,Personal Care > First Aid,subcategory,category; is_published; subcategory,"{""type"":""subcategory"",""category"":""Personal Care"",""subcategory"":""First Aid""}"
manicure-sets-australia,product_category,subcategory,Personal Care > Manicure Sets,subcategory,category; is_published; subcategory,"{""type"":""subcategory"",""category"":""Personal Care"",""subcategory"":""Manicure Sets""}"
compact-mirrors-australia,product_category,subcategory,Personal Care > Mirrors & Beauty Accessories,subcategory,category; is_published; subcategory,"{""type"":""subcategory"",""category"":""Personal Care"",""subcategory"":""Mirrors & Beauty Accessories""}"
bath-and-body-gifts-australia,product_category,subcategory,Personal Care > Bath & Body,subcategory,category; is_published; subcategory,"{""type"":""subcategory"",""category"":""Personal Care"",""subcategory"":""Bath & Body""}"
grooming-products-australia,product_category,subcategory,Personal Care > Grooming,subcategory,category; is_published; subcategory,"{""type"":""subcategory"",""category"":""Personal Care"",""subcategory"":""Grooming""}"
custom-pet-accessories-australia,product_category,subcategory,Pet > Pet Accessories,subcategory,category; is_published; subcategory,"{""type"":""subcategory"",""category"":""Pet"",""subcategory"":""Pet Accessories""}"
promotional-confectionery-australia,product_category,category,Confectionery,category,category; is_published,"{""type"":""category"",""category"":""Confectionery""}"
custom-stress-balls-australia,product_category,subcategory,Toys & Games > Stress Balls & Toys,subcategory,category; is_published; subcategory,"{""type"":""subcategory"",""category"":""Toys & Games"",""subcategory"":""Stress Balls & Toys""}"
custom-plush-toys-australia,product_category,subcategory,Toys & Games > Plush Toys,subcategory,category; is_published; subcategory,"{""type"":""subcategory"",""category"":""Toys & Games"",""subcategory"":""Plush Toys""}"
wooden-toys-and-models-australia,product_category,subcategory,Toys & Games > Wooden Toys & Models,subcategory,category; is_published; subcategory,"{""type"":""subcategory"",""category"":""Toys & Games"",""subcategory"":""Wooden Toys & Models""}"
custom-games-and-puzzles-australia,product_category,subcategory,Toys & Games > Games & Puzzles,subcategory,category; is_published; subcategory,"{""type"":""subcategory"",""category"":""Toys & Games"",""subcategory"":""Games & Puzzles""}"
outdoor-toys-australia,product_category,subcategory,Toys & Games > Outdoor Toys,subcategory,category; is_published; subcategory,"{""type"":""subcategory"",""category"":""Toys & Games"",""subcategory"":""Outdoor Toys""}"
colouring-sets-australia,product_category,subcategory,Toys & Games > Colouring & Kids Sets,subcategory,category; is_published; subcategory,"{""type"":""subcategory"",""category"":""Toys & Games"",""subcategory"":""Colouring & Kids Sets""}"
novelty-toys-australia,product_category,subcategory,Toys & Games > Novelty Toys,subcategory,category; is_published; subcategory,"{""type"":""subcategory"",""category"":""Toys & Games"",""subcategory"":""Novelty Toys""}"
custom-merch-kits-australia,collection,collection,Custom Merch Kits,kit_collection,is_published; kit_themes; offer_type,"{""type"":""kit_collection"",""kit_themes"":[""employee_onboarding"",""conference_event"",""office_school"",""wellness_care"",""beach_outdoor"",""food_drink_gifting"",""eco_sustainable"",""tech_gift_set"",""premium_corporate_gift"",""general_corporate_gifting""],""offer_types"":[""prebuilt_kit"",""prebuilt_bundle"",""gift_set"",""hamper"",""custom_kit_template""],""include_all_kit_candidates"":true}"
employee-onboarding-kits-australia,collection,collection,Employee Onboarding Kits,kit_collection,is_published; kit_themes; offer_type,"{""type"":""kit_collection"",""kit_themes"":[""employee_onboarding"",""office_school""],""offer_types"":[""prebuilt_kit"",""prebuilt_bundle"",""gift_set"",""custom_kit_template""]}"
conference-event-kits-australia,collection,collection,Conference & Event Kits,kit_collection,is_published; kit_themes; offer_type,"{""type"":""kit_collection"",""kit_themes"":[""conference_event""],""offer_types"":[""prebuilt_kit"",""prebuilt_bundle"",""gift_set"",""custom_kit_template""]}"
corporate-gift-sets-australia,collection,collection,Corporate Gift Sets,kit_collection,is_published; kit_themes; offer_type,"{""type"":""kit_collection"",""kit_themes"":[""food_drink_gifting"",""general_corporate_gifting"",""premium_corporate_gift""],""offer_types"":[""gift_set"",""hamper"",""prebuilt_kit"",""custom_kit_template""]}"
wellness-gift-packs-australia,collection,collection,Wellness Gift Packs,kit_collection,is_published; kit_themes; offer_type,"{""type"":""kit_collection"",""kit_themes"":[""wellness_care""],""offer_types"":[""prebuilt_kit"",""gift_set"",""custom_kit_template""]}"
eco-merch-kits-australia,collection,collection,Eco Merch Kits,kit_collection,is_published; kit_themes; offer_type,"{""type"":""kit_collection"",""kit_themes"":[""eco_sustainable""],""offer_types"":[""prebuilt_kit"",""gift_set"",""custom_kit_template""]}"
tech-gift-sets-australia,collection,collection,Tech Gift Sets,kit_collection,is_published; kit_themes; offer_type,"{""type"":""kit_collection"",""kit_themes"":[""tech_gift_set""],""offer_types"":[""gift_set"",""prebuilt_kit"",""custom_kit_template""]}"
outdoor-event-kits-australia,collection,collection,Outdoor Event Kits,kit_collection,is_published; kit_themes; offer_type,"{""type"":""kit_collection"",""kit_themes"":[""beach_outdoor""],""offer_types"":[""prebuilt_kit"",""gift_set"",""custom_kit_template""]}"
new-home-gift-kits-australia,landing,collection,New Home Gift Kits,kit_template,is_published; kit_components; kit_themes; offer_type; related_categories,"{""type"":""kit_template"",""kit_themes"":[""new_home""],""offer_types"":[""custom_kit_template""],""source"":""manual_template_from_existing_categories""}"
premium-corporate-gift-sets-australia,collection,collection,Premium Corporate Gift Sets,kit_collection,is_published; kit_themes; offer_type,"{""type"":""kit_collection"",""kit_themes"":[""premium_corporate_gift""],""offer_types"":[""gift_set"",""hamper"",""custom_kit_template""]}"
office-and-school-kits-australia,collection,collection,Office & School Kits,kit_collection,is_published; kit_themes; offer_type,"{""type"":""kit_collection"",""kit_themes"":[""office_school""],""offer_types"":[""prebuilt_kit"",""gift_set"",""custom_kit_template""]}"
