slug,page_type,source_type,source_label,primary_keyword,title,h1,nav_label,home_label,meta_description,canonical_url,product_filter,seo_content,faq,hero_image,status,priority,show_in_home,show_in_nav,show_in_footer,breadcrumb_parent,related_urls,noindex
promotional-giveaways-australia,product_category,category,Giveaways & Event Accessories,promotional giveaways australia,Promotional Giveaways Australia | QuirkyPromo,Promotional Giveaways Australia,Giveaways & Event Accessories,Giveaways & Event Accessories,"Browse Giveaways & Event Accessories promotional products for Australian businesses, with branded and custom options available from QuirkyPromo.",/promotional-giveaways-australia,"{""type"":""category"",""category"":""Giveaways & Event Accessories""}",,[],,draft,5,false,true,false,,[],false
outdoor-promotional-products-australia,product_category,category,Outdoor & Sports,outdoor promotional products australia,Outdoor Promotional Products Australia | QuirkyPromo,Outdoor Promotional Products Australia,Outdoor & Sports,Outdoor & Sports,"Browse Outdoor & Sports promotional products for Australian businesses, with branded and custom options available from QuirkyPromo.",/outdoor-promotional-products-australia,"{""type"":""category"",""category"":""Outdoor & Sports""}",,[],,draft,5,false,true,false,,[],false
branded-homewares-australia,product_category,category,Home & Living,branded homewares australia,Branded Homewares Australia | QuirkyPromo,Branded Homewares Australia,Home & Living,Home & Living,"Browse Home & Living promotional products for Australian businesses, with branded and custom options available from QuirkyPromo.",/branded-homewares-australia,"{""type"":""category"",""category"":""Home & Living""}",,[],,draft,5,false,true,false,,[],false
branded-travel-accessories-australia,product_category,category,Travel,branded travel accessories australia,Branded Travel Accessories Australia | QuirkyPromo,Branded Travel Accessories Australia,Travel,Travel,"Browse Travel promotional products for Australian businesses, with branded and custom options available from QuirkyPromo.",/branded-travel-accessories-australia,"{""type"":""category"",""category"":""Travel""}",,[],,draft,5,false,true,false,,[],false
branded-tools-and-car-accessories-australia,product_category,category,Tools & Auto,branded tools and car accessories australia,Branded Tools and Car Accessories Australia | QuirkyPromo,Branded Tools and Car Accessories Australia,Tools & Auto,Tools & Auto,"Browse Tools & Auto promotional products for Australian businesses, with branded and custom options available from QuirkyPromo.",/branded-tools-and-car-accessories-australia,"{""type"":""category"",""category"":""Tools & Auto""}",,[],,draft,5,false,true,false,,[],false
branded-barware-australia,product_category,category,Barware & Accessories,branded barware australia,Branded Barware Australia | QuirkyPromo,Branded Barware Australia,Barware & Accessories,Barware & Accessories,"Browse Barware & Accessories promotional products for Australian businesses, with branded and custom options available from QuirkyPromo.",/branded-barware-australia,"{""type"":""category"",""category"":""Barware & Accessories""}",,[],,draft,5,false,true,false,,[],false
custom-keyrings-australia,product_category,category,Key Rings,custom keyrings australia,Custom Keyrings Australia | QuirkyPromo,Custom Keyrings Australia,Key Rings,Key Rings,"Browse Key Rings promotional products for Australian businesses, with branded and custom options available from QuirkyPromo.",/custom-keyrings-australia,"{""type"":""category"",""category"":""Key Rings""}",,[],,draft,5,false,true,false,,[],false
trade-show-displays-australia,product_category,category,Flags & Displays,trade show displays australia,Trade Show Displays Australia | QuirkyPromo,Trade Show Displays Australia,Flags & Displays,Flags & Displays,"Browse Flags & Displays promotional products for Australian businesses, with branded and custom options available from QuirkyPromo.",/trade-show-displays-australia,"{""type"":""category"",""category"":""Flags & Displays""}",,[],,draft,5,false,true,false,,[],false
printed-marketing-materials-australia,product_category,category,Marketing Materials,printed marketing materials australia,Printed Marketing Materials Australia | QuirkyPromo,Printed Marketing Materials Australia,Marketing Materials,Marketing Materials,"Browse Marketing Materials promotional products for Australian businesses, with branded and custom options available from QuirkyPromo.",/printed-marketing-materials-australia,"{""type"":""category"",""category"":""Marketing Materials""}",,[],,draft,5,false,true,false,,[],false
branded-office-supplies-australia,product_category,category,Office & Desk,branded office supplies australia,Branded Office Supplies Australia | QuirkyPromo,Branded Office Supplies Australia,Office & Desk,Office & Desk,"Browse Office & Desk promotional products for Australian businesses, with branded and custom options available from QuirkyPromo.",/branded-office-supplies-australia,"{""type"":""category"",""category"":""Office & Desk""}",,[],,draft,5,false,true,false,,[],false
custom-bags-australia,product_category,category,Bags,custom bags australia,Custom Bags Australia | QuirkyPromo,Custom Bags Australia,Bags,Bags,"Browse Bags promotional products for Australian businesses, with branded and custom options available from QuirkyPromo.",/custom-bags-australia,"{""type"":""category"",""category"":""Bags""}",,[],,draft,10,true,true,false,,[],false
custom-branded-apparel-australia,product_category,category,Apparel,custom branded apparel australia,Custom Branded Apparel Australia | QuirkyPromo,Custom Branded Apparel Australia,Apparel,Apparel,"Browse Apparel promotional products for Australian businesses, with branded and custom options available from QuirkyPromo.",/custom-branded-apparel-australia,"{""type"":""category"",""category"":""Apparel""}",,[],,draft,10,true,true,false,,[],false
custom-drinkware-australia,product_category,category,Drinkware,custom drinkware australia,Custom Drinkware Australia | QuirkyPromo,Custom Drinkware Australia,Drinkware,Drinkware,"Browse Drinkware promotional products for Australian businesses, with branded and custom options available from QuirkyPromo.",/custom-drinkware-australia,"{""type"":""category"",""category"":""Drinkware""}",,[],,draft,10,true,true,false,,[],false
branded-pens-australia,product_category,category,Pens,branded pens australia,Branded Pens Australia | QuirkyPromo,Branded Pens Australia,Pens,Pens,"Browse Pens promotional products for Australian businesses, with branded and custom options available from QuirkyPromo.",/branded-pens-australia,"{""type"":""category"",""category"":""Pens""}",,[],,draft,10,true,true,false,,[],false
corporate-tech-gifts-australia,product_category,category,Technology,corporate tech gifts australia,Corporate Tech Gifts Australia | QuirkyPromo,Corporate Tech Gifts Australia,Technology,Technology,"Browse Technology promotional products for Australian businesses, with branded and custom options available from QuirkyPromo.",/corporate-tech-gifts-australia,"{""type"":""category"",""category"":""Technology""}",,[],,draft,10,true,true,false,,[],false
custom-headwear-australia,product_category,category,Headwear,custom headwear australia,Custom Headwear Australia | QuirkyPromo,Custom Headwear Australia,Headwear,Headwear,"Browse Headwear promotional products for Australian businesses, with branded and custom options available from QuirkyPromo.",/custom-headwear-australia,"{""type"":""category"",""category"":""Headwear""}",,[],,draft,5,false,true,false,,[],false
custom-packaging-australia,product_category,category,Packaging,custom packaging australia,Custom Packaging Australia | QuirkyPromo,Custom Packaging Australia,Packaging,Packaging,"Browse Packaging promotional products for Australian businesses, with branded and custom options available from QuirkyPromo.",/custom-packaging-australia,"{""type"":""category"",""category"":""Packaging""}",,[],,draft,5,false,true,false,,[],false
branded-personal-care-products-australia,product_category,category,Personal Care,branded personal care products australia,Branded Personal Care Products Australia | QuirkyPromo,Branded Personal Care Products Australia,Personal Care,Personal Care,"Browse Personal Care promotional products for Australian businesses, with branded and custom options available from QuirkyPromo.",/branded-personal-care-products-australia,"{""type"":""category"",""category"":""Personal Care""}",,[],,draft,5,false,true,false,,[],false
branded-pet-products-australia,product_category,category,Pet,branded pet products australia,Branded Pet Products Australia | QuirkyPromo,Branded Pet Products Australia,Pet,Pet,"Browse Pet promotional products for Australian businesses, with branded and custom options available from QuirkyPromo.",/branded-pet-products-australia,"{""type"":""category"",""category"":""Pet""}",,[],,draft,5,false,false,false,,[],false
promotional-toys-and-games-australia,product_category,category,Toys & Games,promotional toys and games australia,Promotional Toys and Games Australia | QuirkyPromo,Promotional Toys and Games Australia,Toys & Games,Toys & Games,"Browse Toys & Games promotional products for Australian businesses, with branded and custom options available from QuirkyPromo.",/promotional-toys-and-games-australia,"{""type"":""category"",""category"":""Toys & Games""}",,[],,draft,5,false,true,false,,[],false
custom-lanyards-australia,product_category,subcategory,Giveaways & Event Accessories > Lanyards,custom lanyards australia,Custom Lanyards Australia | QuirkyPromo,Custom Lanyards Australia,Lanyards,Lanyards,"Explore Lanyards in Australia, with branded and custom options for corporate gifts, events and promotional campaigns.",/custom-lanyards-australia,"{""type"":""subcategory"",""category"":""Giveaways & Event Accessories"",""subcategory"":""Lanyards""}",,[],,draft,5,false,true,false,promotional-giveaways-australia,[],false
id-card-holders-australia,product_category,subcategory,Giveaways & Event Accessories > ID Holders,id card holders australia,Id Card Holders Australia | QuirkyPromo,Id Card Holders Australia,ID Holders,ID Holders,"Explore ID Holders in Australia, with branded and custom options for corporate gifts, events and promotional campaigns.",/id-card-holders-australia,"{""type"":""subcategory"",""category"":""Giveaways & Event Accessories"",""subcategory"":""ID Holders""}",,[],,draft,5,false,true,false,promotional-giveaways-australia,[],false
custom-wristbands-australia,product_category,subcategory,Giveaways & Event Accessories > Wristbands,custom wristbands australia,Custom Wristbands Australia | QuirkyPromo,Custom Wristbands Australia,Wristbands,Wristbands,"Explore Wristbands in Australia, with branded and custom options for corporate gifts, events and promotional campaigns.",/custom-wristbands-australia,"{""type"":""subcategory"",""category"":""Giveaways & Event Accessories"",""subcategory"":""Wristbands""}",,[],,draft,5,false,true,false,promotional-giveaways-australia,[],false
custom-badges-australia,product_category,subcategory,Giveaways & Event Accessories > Badges,custom badges australia,Custom Badges Australia | QuirkyPromo,Custom Badges Australia,Badges,Badges,"Explore Badges in Australia, with branded and custom options for corporate gifts, events and promotional campaigns.",/custom-badges-australia,"{""type"":""subcategory"",""category"":""Giveaways & Event Accessories"",""subcategory"":""Badges""}",,[],,draft,5,false,true,false,promotional-giveaways-australia,[],false
custom-fridge-magnets-australia,product_category,subcategory,Giveaways & Event Accessories > Magnets,custom fridge magnets australia,Custom Fridge Magnets Australia | QuirkyPromo,Custom Fridge Magnets Australia,Magnets,Magnets,"Explore Magnets in Australia, with branded and custom options for corporate gifts, events and promotional campaigns.",/custom-fridge-magnets-australia,"{""type"":""subcategory"",""category"":""Giveaways & Event Accessories"",""subcategory"":""Magnets""}",,[],,draft,5,false,true,false,promotional-giveaways-australia,[],false
temporary-tattoos-australia,product_category,subcategory,Giveaways & Event Accessories > Temporary Tattoos,temporary tattoos australia,Temporary Tattoos Australia | QuirkyPromo,Temporary Tattoos Australia,Temporary Tattoos,Temporary Tattoos,"Explore Temporary Tattoos in Australia, with branded and custom options for corporate gifts, events and promotional campaigns.",/temporary-tattoos-australia,"{""type"":""subcategory"",""category"":""Giveaways & Event Accessories"",""subcategory"":""Temporary Tattoos""}",,[],,draft,5,false,true,false,promotional-giveaways-australia,[],false
custom-balloons-australia,product_category,subcategory,Giveaways & Event Accessories > Balloons,custom balloons australia,Custom Balloons Australia | QuirkyPromo,Custom Balloons Australia,Balloons,Balloons,"Explore Balloons in Australia, with branded and custom options for corporate gifts, events and promotional campaigns.",/custom-balloons-australia,"{""type"":""subcategory"",""category"":""Giveaways & Event Accessories"",""subcategory"":""Balloons""}",,[],,draft,5,false,true,false,promotional-giveaways-australia,[],false
promotional-stickers-and-patches-australia,product_category,subcategory,Giveaways & Event Accessories > Stickers & Patches,promotional stickers and patches australia,Promotional Stickers and Patches Australia | QuirkyPromo,Promotional Stickers and Patches Australia,Stickers & Patches,Stickers & Patches,"Explore Stickers & Patches in Australia, with branded and custom options for corporate gifts, events and promotional campaigns.",/promotional-stickers-and-patches-australia,"{""type"":""subcategory"",""category"":""Giveaways & Event Accessories"",""subcategory"":""Stickers & Patches""}",,[],,draft,5,false,true,false,promotional-giveaways-australia,[],false
novelty-giveaways-australia,product_category,subcategory,Giveaways & Event Accessories > Novelty Giveaways,novelty giveaways australia,Novelty Giveaways Australia | QuirkyPromo,Novelty Giveaways Australia,Novelty Giveaways,Novelty Giveaways,"Explore Novelty Giveaways in Australia, with branded and custom options for corporate gifts, events and promotional campaigns.",/novelty-giveaways-australia,"{""type"":""subcategory"",""category"":""Giveaways & Event Accessories"",""subcategory"":""Novelty Giveaways""}",,[],,draft,5,false,true,false,promotional-giveaways-australia,[],false
promotional-sports-products-australia,product_category,subcategory,Outdoor & Sports > Sports Products,promotional sports products australia,Promotional Sports Products Australia | QuirkyPromo,Promotional Sports Products Australia,Sports Products,Sports Products,"Explore Sports Products in Australia, with branded and custom options for corporate gifts, events and promotional campaigns.",/promotional-sports-products-australia,"{""type"":""subcategory"",""category"":""Outdoor & Sports"",""subcategory"":""Sports Products""}",,[],,draft,5,false,true,false,outdoor-promotional-products-australia,[],false
custom-golf-products-australia,product_category,subcategory,Outdoor & Sports > Golf Products,custom golf products australia,Custom Golf Products Australia | QuirkyPromo,Custom Golf Products Australia,Golf Products,Golf Products,"Explore Golf Products in Australia, with branded and custom options for corporate gifts, events and promotional campaigns.",/custom-golf-products-australia,"{""type"":""subcategory"",""category"":""Outdoor & Sports"",""subcategory"":""Golf Products""}",,[],,draft,5,false,true,false,outdoor-promotional-products-australia,[],false
custom-umbrellas-australia,product_category,subcategory,Outdoor & Sports > Umbrellas,custom umbrellas australia,Custom Umbrellas Australia | QuirkyPromo,Custom Umbrellas Australia,Umbrellas,Umbrellas,"Explore Umbrellas in Australia, with branded and custom options for corporate gifts, events and promotional campaigns.",/custom-umbrellas-australia,"{""type"":""subcategory"",""category"":""Outdoor & Sports"",""subcategory"":""Umbrellas""}",,[],,draft,5,false,true,false,outdoor-promotional-products-australia,[],false
custom-towels-australia,product_category,subcategory,Outdoor & Sports > Towels,custom towels australia,Custom Towels Australia | QuirkyPromo,Custom Towels Australia,Towels,Towels,"Explore Towels in Australia, with branded and custom options for corporate gifts, events and promotional campaigns.",/custom-towels-australia,"{""type"":""subcategory"",""category"":""Outdoor & Sports"",""subcategory"":""Towels""}",,[],,draft,5,false,true,false,outdoor-promotional-products-australia,[],false
camping-gear-australia,product_category,subcategory,Outdoor & Sports > Camping & Outdoors,camping gear australia,Camping Gear Australia | QuirkyPromo,Camping Gear Australia,Camping & Outdoors,Camping & Outdoors,"Explore Camping & Outdoors in Australia, with branded and custom options for corporate gifts, events and promotional campaigns.",/camping-gear-australia,"{""type"":""subcategory"",""category"":""Outdoor & Sports"",""subcategory"":""Camping & Outdoors""}",,[],,draft,5,false,true,false,outdoor-promotional-products-australia,[],false
picnic-and-bbq-australia,product_category,subcategory,Outdoor & Sports > Picnic & BBQ,picnic and bbq australia,Picnic and Bbq Australia | QuirkyPromo,Picnic and Bbq Australia,Picnic & BBQ,Picnic & BBQ,"Explore Picnic & BBQ in Australia, with branded and custom options for corporate gifts, events and promotional campaigns.",/picnic-and-bbq-australia,"{""type"":""subcategory"",""category"":""Outdoor & Sports"",""subcategory"":""Picnic & BBQ""}",,[],,draft,5,false,true,false,outdoor-promotional-products-australia,[],false
custom-sunglasses-australia,product_category,subcategory,Outdoor & Sports > Sunglasses,custom sunglasses australia,Custom Sunglasses Australia | QuirkyPromo,Custom Sunglasses Australia,Sunglasses,Sunglasses,"Explore Sunglasses in Australia, with branded and custom options for corporate gifts, events and promotional campaigns.",/custom-sunglasses-australia,"{""type"":""subcategory"",""category"":""Outdoor & Sports"",""subcategory"":""Sunglasses""}",,[],,draft,5,false,true,false,outdoor-promotional-products-australia,[],false
picnic-blankets-australia,product_category,subcategory,Outdoor & Sports > Blankets,picnic blankets australia,Picnic Blankets Australia | QuirkyPromo,Picnic Blankets Australia,Blankets,Blankets,"Explore Blankets in Australia, with branded and custom options for corporate gifts, events and promotional campaigns.",/picnic-blankets-australia,"{""type"":""subcategory"",""category"":""Outdoor & Sports"",""subcategory"":""Blankets""}",,[],,draft,5,false,true,false,outdoor-promotional-products-australia,[],false
custom-supporter-gear-australia,product_category,subcategory,Outdoor & Sports > Supporter Gear,custom supporter gear australia,Custom Supporter Gear Australia | QuirkyPromo,Custom Supporter Gear Australia,Supporter Gear,Supporter Gear,"Explore Supporter Gear in Australia, with branded and custom options for corporate gifts, events and promotional campaigns.",/custom-supporter-gear-australia,"{""type"":""subcategory"",""category"":""Outdoor & Sports"",""subcategory"":""Supporter Gear""}",,[],,draft,5,false,true,false,outdoor-promotional-products-australia,[],false
custom-kitchenware-australia,product_category,subcategory,Home & Living > Kitchen & Dining,custom kitchenware australia,Custom Kitchenware Australia | QuirkyPromo,Custom Kitchenware Australia,Kitchen & Dining,Kitchen & Dining,"Explore Kitchen & Dining in Australia, with branded and custom options for corporate gifts, events and promotional campaigns.",/custom-kitchenware-australia,"{""type"":""subcategory"",""category"":""Home & Living"",""subcategory"":""Kitchen & Dining""}",,[],,draft,5,false,true,false,branded-homewares-australia,[],false
cheese-boards-australia,product_category,subcategory,Home & Living > Cheese & Serving Boards,cheese boards australia,Cheese Boards Australia | QuirkyPromo,Cheese Boards Australia,Cheese & Serving Boards,Cheese & Serving Boards,"Explore Cheese & Serving Boards in Australia, with branded and custom options for corporate gifts, events and promotional campaigns.",/cheese-boards-australia,"{""type"":""subcategory"",""category"":""Home & Living"",""subcategory"":""Cheese & Serving Boards""}",,[],,draft,5,false,true,false,branded-homewares-australia,[],false
promotional-home-decor-australia,product_category,subcategory,Home & Living > Home Decor,promotional home decor australia,Promotional Home Decor Australia | QuirkyPromo,Promotional Home Decor Australia,Home Decor,Home Decor,"Explore Home Decor in Australia, with branded and custom options for corporate gifts, events and promotional campaigns.",/promotional-home-decor-australia,"{""type"":""subcategory"",""category"":""Home & Living"",""subcategory"":""Home Decor""}",,[],,draft,5,false,true,false,branded-homewares-australia,[],false
candles-and-diffusers-australia,product_category,subcategory,Home & Living > Candles & Diffusers,candles and diffusers australia,Candles and Diffusers Australia | QuirkyPromo,Candles and Diffusers Australia,Candles & Diffusers,Candles & Diffusers,"Explore Candles & Diffusers in Australia, with branded and custom options for corporate gifts, events and promotional campaigns.",/candles-and-diffusers-australia,"{""type"":""subcategory"",""category"":""Home & Living"",""subcategory"":""Candles & Diffusers""}",,[],,draft,5,false,true,false,branded-homewares-australia,[],false
custom-luggage-tags-australia,product_category,subcategory,Travel > Luggage Tags,custom luggage tags australia,Custom Luggage Tags Australia | QuirkyPromo,Custom Luggage Tags Australia,Luggage Tags,Luggage Tags,"Explore Luggage Tags in Australia, with branded and custom options for corporate gifts, events and promotional campaigns.",/custom-luggage-tags-australia,"{""type"":""subcategory"",""category"":""Travel"",""subcategory"":""Luggage Tags""}",,[],,draft,5,false,true,false,branded-travel-accessories-australia,[],false
passport-holders-australia,product_category,subcategory,Travel > Passport Holders,passport holders australia,Passport Holders Australia | QuirkyPromo,Passport Holders Australia,Passport Holders,Passport Holders,"Explore Passport Holders in Australia, with branded and custom options for corporate gifts, events and promotional campaigns.",/passport-holders-australia,"{""type"":""subcategory"",""category"":""Travel"",""subcategory"":""Passport Holders""}",,[],,draft,5,false,true,false,branded-travel-accessories-australia,[],false
travel-wallets-australia,product_category,subcategory,Travel > Travel Wallets,travel wallets australia,Travel Wallets Australia | QuirkyPromo,Travel Wallets Australia,Travel Wallets,Travel Wallets,"Explore Travel Wallets in Australia, with branded and custom options for corporate gifts, events and promotional campaigns.",/travel-wallets-australia,"{""type"":""subcategory"",""category"":""Travel"",""subcategory"":""Travel Wallets""}",,[],,draft,5,false,true,false,branded-travel-accessories-australia,[],false
travel-pillows-australia,product_category,subcategory,Travel > Travel Pillows & Comfort,travel pillows australia,Travel Pillows Australia | QuirkyPromo,Travel Pillows Australia,Travel Pillows & Comfort,Travel Pillows & Comfort,"Explore Travel Pillows & Comfort in Australia, with branded and custom options for corporate gifts, events and promotional campaigns.",/travel-pillows-australia,"{""type"":""subcategory"",""category"":""Travel"",""subcategory"":""Travel Pillows & Comfort""}",,[],,draft,5,false,true,false,branded-travel-accessories-australia,[],false
travel-accessories-australia,product_category,subcategory,Travel > Travel Accessories,travel accessories australia,Travel Accessories Australia | QuirkyPromo,Travel Accessories Australia,Travel Accessories,Travel Accessories,"Explore Travel Accessories in Australia, with branded and custom options for corporate gifts, events and promotional campaigns.",/travel-accessories-australia,"{""type"":""subcategory"",""category"":""Travel"",""subcategory"":""Travel Accessories""}",,[],,draft,5,false,true,false,branded-travel-accessories-australia,[],false
custom-multi-tools-australia,product_category,subcategory,Tools & Auto > Multi-Tools,custom multi tools australia,Custom Multi Tools Australia | QuirkyPromo,Custom Multi Tools Australia,Multi-Tools,Multi-Tools,"Explore Multi-Tools in Australia, with branded and custom options for corporate gifts, events and promotional campaigns.",/custom-multi-tools-australia,"{""type"":""subcategory"",""category"":""Tools & Auto"",""subcategory"":""Multi-Tools""}",,[],,draft,5,false,true,false,branded-tools-and-car-accessories-australia,[],false
custom-tape-measures-australia,product_category,subcategory,Tools & Auto > Tape Measures,custom tape measures australia,Custom Tape Measures Australia | QuirkyPromo,Custom Tape Measures Australia,Tape Measures,Tape Measures,"Explore Tape Measures in Australia, with branded and custom options for corporate gifts, events and promotional campaigns.",/custom-tape-measures-australia,"{""type"":""subcategory"",""category"":""Tools & Auto"",""subcategory"":""Tape Measures""}",,[],,draft,5,false,true,false,branded-tools-and-car-accessories-australia,[],false
custom-torches-australia,product_category,subcategory,Tools & Auto > Torches & Lights,custom torches australia,Custom Torches Australia | QuirkyPromo,Custom Torches Australia,Torches & Lights,Torches & Lights,"Explore Torches & Lights in Australia, with branded and custom options for corporate gifts, events and promotional campaigns.",/custom-torches-australia,"{""type"":""subcategory"",""category"":""Tools & Auto"",""subcategory"":""Torches & Lights""}",,[],,draft,5,false,true,false,branded-tools-and-car-accessories-australia,[],false
tool-sets-australia,product_category,subcategory,Tools & Auto > Tool Sets & Screwdrivers,tool sets australia,Tool Sets Australia | QuirkyPromo,Tool Sets Australia,Tool Sets & Screwdrivers,Tool Sets & Screwdrivers,"Explore Tool Sets & Screwdrivers in Australia, with branded and custom options for corporate gifts, events and promotional campaigns.",/tool-sets-australia,"{""type"":""subcategory"",""category"":""Tools & Auto"",""subcategory"":""Tool Sets & Screwdrivers""}",,[],,draft,5,false,true,false,branded-tools-and-car-accessories-australia,[],false
car-accessories-australia,product_category,subcategory,Tools & Auto > Car Accessories,car accessories australia,Car Accessories Australia | QuirkyPromo,Car Accessories Australia,Car Accessories,Car Accessories,"Explore Car Accessories in Australia, with branded and custom options for corporate gifts, events and promotional campaigns.",/car-accessories-australia,"{""type"":""subcategory"",""category"":""Tools & Auto"",""subcategory"":""Car Accessories""}",,[],,draft,5,false,true,false,branded-tools-and-car-accessories-australia,[],false
custom-coasters-australia,product_category,subcategory,Barware & Accessories > Coasters,custom coasters australia,Custom Coasters Australia | QuirkyPromo,Custom Coasters Australia,Coasters,Coasters,"Explore Coasters in Australia, with branded and custom options for corporate gifts, events and promotional campaigns.",/custom-coasters-australia,"{""type"":""subcategory"",""category"":""Barware & Accessories"",""subcategory"":""Coasters""}",,[],,draft,5,false,true,false,branded-barware-australia,[],false
custom-bottle-openers-australia,product_category,subcategory,Barware & Accessories > Bottle Openers,custom bottle openers australia,Custom Bottle Openers Australia | QuirkyPromo,Custom Bottle Openers Australia,Bottle Openers,Bottle Openers,"Explore Bottle Openers in Australia, with branded and custom options for corporate gifts, events and promotional campaigns.",/custom-bottle-openers-australia,"{""type"":""subcategory"",""category"":""Barware & Accessories"",""subcategory"":""Bottle Openers""}",,[],,draft,5,false,true,false,branded-barware-australia,[],false
custom-stubby-holders-australia,product_category,subcategory,Barware & Accessories > Stubby Holders,custom stubby holders australia,Custom Stubby Holders Australia | QuirkyPromo,Custom Stubby Holders Australia,Stubby Holders,Stubby Holders,"Explore Stubby Holders in Australia, with branded and custom options for corporate gifts, events and promotional campaigns.",/custom-stubby-holders-australia,"{""type"":""subcategory"",""category"":""Barware & Accessories"",""subcategory"":""Stubby Holders""}",,[],,draft,5,false,true,false,branded-barware-australia,[],false
custom-bar-mats-australia,product_category,subcategory,Barware & Accessories > Bar Mats,custom bar mats australia,Custom Bar Mats Australia | QuirkyPromo,Custom Bar Mats Australia,Bar Mats,Bar Mats,"Explore Bar Mats in Australia, with branded and custom options for corporate gifts, events and promotional campaigns.",/custom-bar-mats-australia,"{""type"":""subcategory"",""category"":""Barware & Accessories"",""subcategory"":""Bar Mats""}",,[],,draft,5,false,true,false,branded-barware-australia,[],false
branded-wine-accessories-australia,product_category,subcategory,Barware & Accessories > Wine Accessories,branded wine accessories australia,Branded Wine Accessories Australia | QuirkyPromo,Branded Wine Accessories Australia,Wine Accessories,Wine Accessories,"Explore Wine Accessories in Australia, with branded and custom options for corporate gifts, events and promotional campaigns.",/branded-wine-accessories-australia,"{""type"":""subcategory"",""category"":""Barware & Accessories"",""subcategory"":""Wine Accessories""}",,[],,draft,5,false,true,false,branded-barware-australia,[],false
bar-accessories-australia,product_category,subcategory,Barware & Accessories > Bar Accessories,bar accessories australia,Bar Accessories Australia | QuirkyPromo,Bar Accessories Australia,Bar Accessories,Bar Accessories,"Explore Bar Accessories in Australia, with branded and custom options for corporate gifts, events and promotional campaigns.",/bar-accessories-australia,"{""type"":""subcategory"",""category"":""Barware & Accessories"",""subcategory"":""Bar Accessories""}",,[],,draft,5,false,true,false,branded-barware-australia,[],false
custom-metal-keyrings-australia,product_category,subcategory,Key Rings > Metal Keyrings,custom metal keyrings australia,Custom Metal Keyrings Australia | QuirkyPromo,Custom Metal Keyrings Australia,Metal Keyrings,Metal Keyrings,"Explore Metal Keyrings in Australia, with branded and custom options for corporate gifts, events and promotional campaigns.",/custom-metal-keyrings-australia,"{""type"":""subcategory"",""category"":""Key Rings"",""subcategory"":""Metal Keyrings""}",,[],,draft,5,false,true,false,custom-keyrings-australia,[],false
leather-keyrings-australia,product_category,subcategory,Key Rings > Leather Keyrings,leather keyrings australia,Leather Keyrings Australia | QuirkyPromo,Leather Keyrings Australia,Leather Keyrings,Leather Keyrings,"Explore Leather Keyrings in Australia, with branded and custom options for corporate gifts, events and promotional campaigns.",/leather-keyrings-australia,"{""type"":""subcategory"",""category"":""Key Rings"",""subcategory"":""Leather Keyrings""}",,[],,draft,5,false,true,false,custom-keyrings-australia,[],false
silicone-keyrings-australia,product_category,subcategory,Key Rings > Silicone & PVC Keyrings,silicone keyrings australia,Silicone Keyrings Australia | QuirkyPromo,Silicone Keyrings Australia,Silicone & PVC Keyrings,Silicone & PVC Keyrings,"Explore Silicone & PVC Keyrings in Australia, with branded and custom options for corporate gifts, events and promotional campaigns.",/silicone-keyrings-australia,"{""type"":""subcategory"",""category"":""Key Rings"",""subcategory"":""Silicone & PVC Keyrings""}",,[],,draft,5,false,true,false,custom-keyrings-australia,[],false
eco-keyrings-australia,product_category,subcategory,Key Rings > Eco Keyrings,eco keyrings australia,Eco Keyrings Australia | QuirkyPromo,Eco Keyrings Australia,Eco Keyrings,Eco Keyrings,"Explore Eco Keyrings in Australia, with branded and custom options for corporate gifts, events and promotional campaigns.",/eco-keyrings-australia,"{""type"":""subcategory"",""category"":""Key Rings"",""subcategory"":""Eco Keyrings""}",,[],,draft,5,false,true,false,custom-keyrings-australia,[],false
functional-keyrings-australia,product_category,subcategory,Key Rings > Functional Keyrings,functional keyrings australia,Functional Keyrings Australia | QuirkyPromo,Functional Keyrings Australia,Functional Keyrings,Functional Keyrings,"Explore Functional Keyrings in Australia, with branded and custom options for corporate gifts, events and promotional campaigns.",/functional-keyrings-australia,"{""type"":""subcategory"",""category"":""Key Rings"",""subcategory"":""Functional Keyrings""}",,[],,draft,5,false,true,false,custom-keyrings-australia,[],false
novelty-keyrings-australia,product_category,subcategory,Key Rings > Novelty Keyrings,novelty keyrings australia,Novelty Keyrings Australia | QuirkyPromo,Novelty Keyrings Australia,Novelty Keyrings,Novelty Keyrings,"Explore Novelty Keyrings in Australia, with branded and custom options for corporate gifts, events and promotional campaigns.",/novelty-keyrings-australia,"{""type"":""subcategory"",""category"":""Key Rings"",""subcategory"":""Novelty Keyrings""}",,[],,draft,5,false,true,false,custom-keyrings-australia,[],false
custom-feather-flags-australia,product_category,subcategory,Flags & Displays > Feather & Teardrop Flags,custom feather flags australia,Custom Feather Flags Australia | QuirkyPromo,Custom Feather Flags Australia,Feather & Teardrop Flags,Feather & Teardrop Flags,"Explore Feather & Teardrop Flags in Australia, with branded and custom options for corporate gifts, events and promotional campaigns.",/custom-feather-flags-australia,"{""type"":""subcategory"",""category"":""Flags & Displays"",""subcategory"":""Feather & Teardrop Flags""}",,[],,draft,5,false,true,false,trade-show-displays-australia,[],false
pull-up-banners-australia,product_category,subcategory,Flags & Displays > Pull Up Banners,pull up banners australia,Pull Up Banners Australia | QuirkyPromo,Pull Up Banners Australia,Pull Up Banners,Pull Up Banners,"Explore Pull Up Banners in Australia, with branded and custom options for corporate gifts, events and promotional campaigns.",/pull-up-banners-australia,"{""type"":""subcategory"",""category"":""Flags & Displays"",""subcategory"":""Pull Up Banners""}",,[],,draft,5,false,true,false,trade-show-displays-australia,[],false
media-walls-australia,product_category,subcategory,Flags & Displays > Media Walls,media walls australia,Media Walls Australia | QuirkyPromo,Media Walls Australia,Media Walls,Media Walls,"Explore Media Walls in Australia, with branded and custom options for corporate gifts, events and promotional campaigns.",/media-walls-australia,"{""type"":""subcategory"",""category"":""Flags & Displays"",""subcategory"":""Media Walls""}",,[],,draft,5,false,true,false,trade-show-displays-australia,[],false
custom-marquees-australia,product_category,subcategory,Flags & Displays > Marquees,custom marquees australia,Custom Marquees Australia | QuirkyPromo,Custom Marquees Australia,Marquees,Marquees,"Explore Marquees in Australia, with branded and custom options for corporate gifts, events and promotional campaigns.",/custom-marquees-australia,"{""type"":""subcategory"",""category"":""Flags & Displays"",""subcategory"":""Marquees""}",,[],,draft,5,false,true,false,trade-show-displays-australia,[],false
custom-table-covers-australia,product_category,subcategory,Flags & Displays > Table Covers,custom table covers australia,Custom Table Covers Australia | QuirkyPromo,Custom Table Covers Australia,Table Covers,Table Covers,"Explore Table Covers in Australia, with branded and custom options for corporate gifts, events and promotional campaigns.",/custom-table-covers-australia,"{""type"":""subcategory"",""category"":""Flags & Displays"",""subcategory"":""Table Covers""}",,[],,draft,5,false,true,false,trade-show-displays-australia,[],false
a-frame-signage-australia,product_category,subcategory,Flags & Displays > A-Frames & Signage,a frame signage australia,A Frame Signage Australia | QuirkyPromo,A Frame Signage Australia,A-Frames & Signage,A-Frames & Signage,"Explore A-Frames & Signage in Australia, with branded and custom options for corporate gifts, events and promotional campaigns.",/a-frame-signage-australia,"{""type"":""subcategory"",""category"":""Flags & Displays"",""subcategory"":""A-Frames & Signage""}",,[],,draft,5,false,true,false,trade-show-displays-australia,[],false
custom-stickers-australia,product_category,subcategory,Marketing Materials > Labels & Stickers,custom stickers australia,Custom Stickers Australia | QuirkyPromo,Custom Stickers Australia,Labels & Stickers,Labels & Stickers,"Explore Labels & Stickers in Australia, with branded and custom options for corporate gifts, events and promotional campaigns.",/custom-stickers-australia,"{""type"":""subcategory"",""category"":""Marketing Materials"",""subcategory"":""Labels & Stickers""}",,[],,draft,5,false,true,false,printed-marketing-materials-australia,[],false
resin-labels-australia,product_category,subcategory,Marketing Materials > Resin Labels,resin labels australia,Resin Labels Australia | QuirkyPromo,Resin Labels Australia,Resin Labels,Resin Labels,"Explore Resin Labels in Australia, with branded and custom options for corporate gifts, events and promotional campaigns.",/resin-labels-australia,"{""type"":""subcategory"",""category"":""Marketing Materials"",""subcategory"":""Resin Labels""}",,[],,draft,5,false,true,false,printed-marketing-materials-australia,[],false
business-cards-australia,product_category,subcategory,Marketing Materials > Business Cards,business cards australia,Business Cards Australia | QuirkyPromo,Business Cards Australia,Business Cards,Business Cards,"Explore Business Cards in Australia, with branded and custom options for corporate gifts, events and promotional campaigns.",/business-cards-australia,"{""type"":""subcategory"",""category"":""Marketing Materials"",""subcategory"":""Business Cards""}",,[],,draft,5,false,true,false,printed-marketing-materials-australia,[],false
branded-notebooks-australia,product_category,subcategory,Office & Desk > Notebooks,branded notebooks australia,Branded Notebooks Australia | QuirkyPromo,Branded Notebooks Australia,Notebooks,Notebooks,"Explore Notebooks in Australia, with branded and custom options for corporate gifts, events and promotional campaigns.",/branded-notebooks-australia,"{""type"":""subcategory"",""category"":""Office & Desk"",""subcategory"":""Notebooks""}",,[],,draft,8,true,true,false,branded-office-supplies-australia,[],false
custom-note-pads-australia,product_category,subcategory,Office & Desk > Note Pads,custom note pads australia,Custom Note Pads Australia | QuirkyPromo,Custom Note Pads Australia,Note Pads,Note Pads,"Explore Note Pads in Australia, with branded and custom options for corporate gifts, events and promotional campaigns.",/custom-note-pads-australia,"{""type"":""subcategory"",""category"":""Office & Desk"",""subcategory"":""Note Pads""}",,[],,draft,5,false,true,false,branded-office-supplies-australia,[],false
custom-planners-australia,product_category,subcategory,Office & Desk > Pads & Planners,custom planners australia,Custom Planners Australia | QuirkyPromo,Custom Planners Australia,Pads & Planners,Pads & Planners,"Explore Pads & Planners in Australia, with branded and custom options for corporate gifts, events and promotional campaigns.",/custom-planners-australia,"{""type"":""subcategory"",""category"":""Office & Desk"",""subcategory"":""Pads & Planners""}",,[],,draft,5,false,true,false,branded-office-supplies-australia,[],false
custom-sticky-notes-australia,product_category,subcategory,Office & Desk > Sticky Notes,custom sticky notes australia,Custom Sticky Notes Australia | QuirkyPromo,Custom Sticky Notes Australia,Sticky Notes,Sticky Notes,"Explore Sticky Notes in Australia, with branded and custom options for corporate gifts, events and promotional campaigns.",/custom-sticky-notes-australia,"{""type"":""subcategory"",""category"":""Office & Desk"",""subcategory"":""Sticky Notes""}",,[],,draft,5,false,true,false,branded-office-supplies-australia,[],false
custom-stationery-australia,product_category,subcategory,Office & Desk > Stationery,custom stationery australia,Custom Stationery Australia | QuirkyPromo,Custom Stationery Australia,Stationery,Stationery,"Explore Stationery in Australia, with branded and custom options for corporate gifts, events and promotional campaigns.",/custom-stationery-australia,"{""type"":""subcategory"",""category"":""Office & Desk"",""subcategory"":""Stationery""}",,[],,draft,5,false,true,false,branded-office-supplies-australia,[],false
desk-accessories-australia,product_category,subcategory,Office & Desk > Desk Items,desk accessories australia,Desk Accessories Australia | QuirkyPromo,Desk Accessories Australia,Desk Items,Desk Items,"Explore Desk Items in Australia, with branded and custom options for corporate gifts, events and promotional campaigns.",/desk-accessories-australia,"{""type"":""subcategory"",""category"":""Office & Desk"",""subcategory"":""Desk Items""}",,[],,draft,5,false,true,false,branded-office-supplies-australia,[],false
custom-compendiums-australia,product_category,subcategory,Office & Desk > Portfolios & Compendiums,custom compendiums australia,Custom Compendiums Australia | QuirkyPromo,Custom Compendiums Australia,Portfolios & Compendiums,Portfolios & Compendiums,"Explore Portfolios & Compendiums in Australia, with branded and custom options for corporate gifts, events and promotional campaigns.",/custom-compendiums-australia,"{""type"":""subcategory"",""category"":""Office & Desk"",""subcategory"":""Portfolios & Compendiums""}",,[],,draft,5,false,true,false,branded-office-supplies-australia,[],false
custom-pencil-cases-australia,product_category,subcategory,Office & Desk > Pencil Cases,custom pencil cases australia,Custom Pencil Cases Australia | QuirkyPromo,Custom Pencil Cases Australia,Pencil Cases,Pencil Cases,"Explore Pencil Cases in Australia, with branded and custom options for corporate gifts, events and promotional campaigns.",/custom-pencil-cases-australia,"{""type"":""subcategory"",""category"":""Office & Desk"",""subcategory"":""Pencil Cases""}",,[],,draft,5,false,true,false,branded-office-supplies-australia,[],false
custom-rulers-australia,product_category,subcategory,Office & Desk > Rulers,custom rulers australia,Custom Rulers Australia | QuirkyPromo,Custom Rulers Australia,Rulers,Rulers,"Explore Rulers in Australia, with branded and custom options for corporate gifts, events and promotional campaigns.",/custom-rulers-australia,"{""type"":""subcategory"",""category"":""Office & Desk"",""subcategory"":""Rulers""}",,[],,draft,5,false,true,false,branded-office-supplies-australia,[],false
custom-tote-bags-australia,product_category,subcategory,Bags > Tote Bags,custom tote bags australia,Custom Tote Bags Australia | QuirkyPromo,Custom Tote Bags Australia,Tote Bags,Tote Bags,"Explore Tote Bags in Australia, with branded and custom options for corporate gifts, events and promotional campaigns.",/custom-tote-bags-australia,"{""type"":""subcategory"",""category"":""Bags"",""subcategory"":""Tote Bags""}",,[],,draft,8,true,true,false,custom-bags-australia,[],false
custom-cotton-tote-bags-australia,product_category,manual,Bags > Cotton Tote Bags,custom cotton tote bags australia,Custom Cotton Tote Bags Australia | QuirkyPromo,Custom Cotton Tote Bags Australia,Cotton Tote Bags,Cotton Tote Bags,"Shop Cotton Tote Bags in Australia with filtered branded product options for corporate gifts, events and promotional campaigns.",/custom-cotton-tote-bags-australia,"{""type"":""compound"",""category"":""Bags"",""material"":""Cotton""}",,[],,draft,8,true,true,false,custom-bags-australia,[],false
custom-cooler-bags-australia,product_category,subcategory,Bags > Cooler Bags,custom cooler bags australia,Custom Cooler Bags Australia | QuirkyPromo,Custom Cooler Bags Australia,Cooler Bags,Cooler Bags,"Explore Cooler Bags in Australia, with branded and custom options for corporate gifts, events and promotional campaigns.",/custom-cooler-bags-australia,"{""type"":""subcategory"",""category"":""Bags"",""subcategory"":""Cooler Bags""}",,[],,draft,5,false,true,false,custom-bags-australia,[],false
custom-backpacks-australia,product_category,subcategory,Bags > Backpacks,custom backpacks australia,Custom Backpacks Australia | QuirkyPromo,Custom Backpacks Australia,Backpacks,Backpacks,"Explore Backpacks in Australia, with branded and custom options for corporate gifts, events and promotional campaigns.",/custom-backpacks-australia,"{""type"":""subcategory"",""category"":""Bags"",""subcategory"":""Backpacks""}",,[],,draft,5,false,true,false,custom-bags-australia,[],false
custom-paper-bags-australia,product_category,subcategory,Bags > Paper Bags,custom paper bags australia,Custom Paper Bags Australia | QuirkyPromo,Custom Paper Bags Australia,Paper Bags,Paper Bags,"Explore Paper Bags in Australia, with branded and custom options for corporate gifts, events and promotional campaigns.",/custom-paper-bags-australia,"{""type"":""subcategory"",""category"":""Bags"",""subcategory"":""Paper Bags""}",,[],,draft,5,false,true,false,custom-bags-australia,[],false
custom-drawstring-bags-australia,product_category,subcategory,Bags > Drawstring Bags,custom drawstring bags australia,Custom Drawstring Bags Australia | QuirkyPromo,Custom Drawstring Bags Australia,Drawstring Bags,Drawstring Bags,"Explore Drawstring Bags in Australia, with branded and custom options for corporate gifts, events and promotional campaigns.",/custom-drawstring-bags-australia,"{""type"":""subcategory"",""category"":""Bags"",""subcategory"":""Drawstring Bags""}",,[],,draft,5,false,true,false,custom-bags-australia,[],false
custom-duffle-bags-australia,product_category,subcategory,Bags > Travel & Duffle Bags,custom duffle bags australia,Custom Duffle Bags Australia | QuirkyPromo,Custom Duffle Bags Australia,Travel & Duffle Bags,Travel & Duffle Bags,"Explore Travel & Duffle Bags in Australia, with branded and custom options for corporate gifts, events and promotional campaigns.",/custom-duffle-bags-australia,"{""type"":""subcategory"",""category"":""Bags"",""subcategory"":""Travel & Duffle Bags""}",,[],,draft,5,false,true,false,custom-bags-australia,[],false
custom-toiletry-bags-australia,product_category,subcategory,Bags > Toiletry Bags,custom toiletry bags australia,Custom Toiletry Bags Australia | QuirkyPromo,Custom Toiletry Bags Australia,Toiletry Bags,Toiletry Bags,"Explore Toiletry Bags in Australia, with branded and custom options for corporate gifts, events and promotional campaigns.",/custom-toiletry-bags-australia,"{""type"":""subcategory"",""category"":""Bags"",""subcategory"":""Toiletry Bags""}",,[],,draft,5,false,true,false,custom-bags-australia,[],false
jute-bags-australia,product_category,subcategory,Bags > Jute Bags,jute bags australia,Jute Bags Australia | QuirkyPromo,Jute Bags Australia,Jute Bags,Jute Bags,"Explore Jute Bags in Australia, with branded and custom options for corporate gifts, events and promotional campaigns.",/jute-bags-australia,"{""type"":""subcategory"",""category"":""Bags"",""subcategory"":""Jute Bags""}",,[],,draft,5,false,true,false,custom-bags-australia,[],false
custom-laptop-bags-australia,product_category,subcategory,Bags > Laptop Bags,custom laptop bags australia,Custom Laptop Bags Australia | QuirkyPromo,Custom Laptop Bags Australia,Laptop Bags,Laptop Bags,"Explore Laptop Bags in Australia, with branded and custom options for corporate gifts, events and promotional campaigns.",/custom-laptop-bags-australia,"{""type"":""subcategory"",""category"":""Bags"",""subcategory"":""Laptop Bags""}",,[],,draft,5,false,true,false,custom-bags-australia,[],false
wine-carriers-australia,product_category,subcategory,Bags > Wine Carriers,wine carriers australia,Wine Carriers Australia | QuirkyPromo,Wine Carriers Australia,Wine Carriers,Wine Carriers,"Explore Wine Carriers in Australia, with branded and custom options for corporate gifts, events and promotional campaigns.",/wine-carriers-australia,"{""type"":""subcategory"",""category"":""Bags"",""subcategory"":""Wine Carriers""}",,[],,draft,5,false,true,false,custom-bags-australia,[],false
crossbody-bags-australia,product_category,subcategory,Bags > Crossbody & Belt Bags,crossbody bags australia,Crossbody Bags Australia | QuirkyPromo,Crossbody Bags Australia,Crossbody & Belt Bags,Crossbody & Belt Bags,"Explore Crossbody & Belt Bags in Australia, with branded and custom options for corporate gifts, events and promotional campaigns.",/crossbody-bags-australia,"{""type"":""subcategory"",""category"":""Bags"",""subcategory"":""Crossbody & Belt Bags""}",,[],,draft,5,false,true,false,custom-bags-australia,[],false
satchel-bags-australia,product_category,subcategory,Bags > Satchel Bags,satchel bags australia,Satchel Bags Australia | QuirkyPromo,Satchel Bags Australia,Satchel Bags,Satchel Bags,"Explore Satchel Bags in Australia, with branded and custom options for corporate gifts, events and promotional campaigns.",/satchel-bags-australia,"{""type"":""subcategory"",""category"":""Bags"",""subcategory"":""Satchel Bags""}",,[],,draft,5,false,true,false,custom-bags-australia,[],false
dry-bags-australia,product_category,subcategory,Bags > Dry Bags,dry bags australia,Dry Bags Australia | QuirkyPromo,Dry Bags Australia,Dry Bags,Dry Bags,"Explore Dry Bags in Australia, with branded and custom options for corporate gifts, events and promotional campaigns.",/dry-bags-australia,"{""type"":""subcategory"",""category"":""Bags"",""subcategory"":""Dry Bags""}",,[],,draft,5,false,true,false,custom-bags-australia,[],false
custom-t-shirts-australia,product_category,subcategory,Apparel > T-Shirts,custom t shirts australia,Custom T Shirts Australia | QuirkyPromo,Custom T Shirts Australia,T-Shirts,T-Shirts,"Explore T-Shirts in Australia, with branded and custom options for corporate gifts, events and promotional campaigns.",/custom-t-shirts-australia,"{""type"":""subcategory"",""category"":""Apparel"",""subcategory"":""T-Shirts""}",,[],,draft,5,false,true,false,custom-branded-apparel-australia,[],false
custom-polo-shirts-australia,product_category,subcategory,Apparel > Polo Shirts,custom polo shirts australia,Custom Polo Shirts Australia | QuirkyPromo,Custom Polo Shirts Australia,Polo Shirts,Polo Shirts,"Explore Polo Shirts in Australia, with branded and custom options for corporate gifts, events and promotional campaigns.",/custom-polo-shirts-australia,"{""type"":""subcategory"",""category"":""Apparel"",""subcategory"":""Polo Shirts""}",,[],,draft,5,false,true,false,custom-branded-apparel-australia,[],false
custom-hoodies-australia,product_category,subcategory,Apparel > Hoodies,custom hoodies australia,Custom Hoodies Australia | QuirkyPromo,Custom Hoodies Australia,Hoodies,Hoodies,"Explore Hoodies in Australia, with branded and custom options for corporate gifts, events and promotional campaigns.",/custom-hoodies-australia,"{""type"":""subcategory"",""category"":""Apparel"",""subcategory"":""Hoodies""}",,[],,draft,5,false,true,false,custom-branded-apparel-australia,[],false
custom-sweatshirts-australia,product_category,subcategory,Apparel > Sweatshirts,custom sweatshirts australia,Custom Sweatshirts Australia | QuirkyPromo,Custom Sweatshirts Australia,Sweatshirts,Sweatshirts,"Explore Sweatshirts in Australia, with branded and custom options for corporate gifts, events and promotional campaigns.",/custom-sweatshirts-australia,"{""type"":""subcategory"",""category"":""Apparel"",""subcategory"":""Sweatshirts""}",,[],,draft,5,false,true,false,custom-branded-apparel-australia,[],false
custom-jackets-australia,product_category,subcategory,Apparel > Jackets,custom jackets australia,Custom Jackets Australia | QuirkyPromo,Custom Jackets Australia,Jackets,Jackets,"Explore Jackets in Australia, with branded and custom options for corporate gifts, events and promotional campaigns.",/custom-jackets-australia,"{""type"":""subcategory"",""category"":""Apparel"",""subcategory"":""Jackets""}",,[],,draft,5,false,true,false,custom-branded-apparel-australia,[],false
custom-shirts-australia,product_category,subcategory,Apparel > Shirts,custom shirts australia,Custom Shirts Australia | QuirkyPromo,Custom Shirts Australia,Shirts,Shirts,"Explore Shirts in Australia, with branded and custom options for corporate gifts, events and promotional campaigns.",/custom-shirts-australia,"{""type"":""subcategory"",""category"":""Apparel"",""subcategory"":""Shirts""}",,[],,draft,5,false,true,false,custom-branded-apparel-australia,[],false
custom-vests-australia,product_category,subcategory,Apparel > Vests,custom vests australia,Custom Vests Australia | QuirkyPromo,Custom Vests Australia,Vests,Vests,"Explore Vests in Australia, with branded and custom options for corporate gifts, events and promotional campaigns.",/custom-vests-australia,"{""type"":""subcategory"",""category"":""Apparel"",""subcategory"":""Vests""}",,[],,draft,5,false,true,false,custom-branded-apparel-australia,[],false
workwear-pants-and-shorts-australia,product_category,subcategory,Apparel > Pants & Shorts,workwear pants and shorts australia,Workwear Pants and Shorts Australia | QuirkyPromo,Workwear Pants and Shorts Australia,Pants & Shorts,Pants & Shorts,"Explore Pants & Shorts in Australia, with branded and custom options for corporate gifts, events and promotional campaigns.",/workwear-pants-and-shorts-australia,"{""type"":""subcategory"",""category"":""Apparel"",""subcategory"":""Pants & Shorts""}",,[],,draft,5,false,true,false,custom-branded-apparel-australia,[],false
branded-workwear-australia,product_category,manual,Apparel > Workwear,branded workwear australia,Branded Workwear Australia | QuirkyPromo,Branded Workwear Australia,Workwear,Workwear,"Shop Workwear in Australia with filtered branded product options for corporate gifts, events and promotional campaigns.",/branded-workwear-australia,"{""type"":""compound"",""category"":""Apparel"",""tags"":[""workwear""]}",,[],,draft,5,false,true,false,custom-branded-apparel-australia,[],false
custom-teamwear-australia,product_category,manual,Apparel > Teamwear,custom teamwear australia,Custom Teamwear Australia | QuirkyPromo,Custom Teamwear Australia,Teamwear,Teamwear,"Shop Teamwear in Australia with filtered branded product options for corporate gifts, events and promotional campaigns.",/custom-teamwear-australia,"{""type"":""compound"",""category"":""Apparel"",""tags"":[""teamwear""]}",,[],,draft,5,false,true,false,custom-branded-apparel-australia,[],false
custom-aprons-australia,product_category,subcategory,Apparel > Aprons,custom aprons australia,Custom Aprons Australia | QuirkyPromo,Custom Aprons Australia,Aprons,Aprons,"Explore Aprons in Australia, with branded and custom options for corporate gifts, events and promotional campaigns.",/custom-aprons-australia,"{""type"":""subcategory"",""category"":""Apparel"",""subcategory"":""Aprons""}",,[],,draft,5,false,true,false,custom-branded-apparel-australia,[],false
custom-socks-australia,product_category,subcategory,Apparel > Socks,custom socks australia,Custom Socks Australia | QuirkyPromo,Custom Socks Australia,Socks,Socks,"Explore Socks in Australia, with branded and custom options for corporate gifts, events and promotional campaigns.",/custom-socks-australia,"{""type"":""subcategory"",""category"":""Apparel"",""subcategory"":""Socks""}",,[],,draft,5,false,true,false,custom-branded-apparel-australia,[],false
branded-scarves-and-accessories-australia,product_category,subcategory,Apparel > Scarves & Accessories,branded scarves and accessories australia,Branded Scarves and Accessories Australia | QuirkyPromo,Branded Scarves and Accessories Australia,Scarves & Accessories,Scarves & Accessories,"Explore Scarves & Accessories in Australia, with branded and custom options for corporate gifts, events and promotional campaigns.",/branded-scarves-and-accessories-australia,"{""type"":""subcategory"",""category"":""Apparel"",""subcategory"":""Scarves & Accessories""}",,[],,draft,5,false,true,false,custom-branded-apparel-australia,[],false
custom-drink-bottles-australia,product_category,subcategory,Drinkware > Drink Bottles,custom drink bottles australia,Custom Drink Bottles Australia | QuirkyPromo,Custom Drink Bottles Australia,Drink Bottles,Drink Bottles,"Explore Drink Bottles in Australia, with branded and custom options for corporate gifts, events and promotional campaigns.",/custom-drink-bottles-australia,"{""type"":""subcategory"",""category"":""Drinkware"",""subcategory"":""Drink Bottles""}",,[],,draft,8,true,true,false,custom-drinkware-australia,[],false
custom-coffee-cups-australia,product_category,subcategory,Drinkware > Coffee Cups,custom coffee cups australia,Custom Coffee Cups Australia | QuirkyPromo,Custom Coffee Cups Australia,Coffee Cups,Coffee Cups,"Explore Coffee Cups in Australia, with branded and custom options for corporate gifts, events and promotional campaigns.",/custom-coffee-cups-australia,"{""type"":""subcategory"",""category"":""Drinkware"",""subcategory"":""Coffee Cups""}",,[],,draft,8,true,true,false,custom-drinkware-australia,[],false
custom-travel-mugs-australia,product_category,subcategory,Drinkware > Travel Mugs,custom travel mugs australia,Custom Travel Mugs Australia | QuirkyPromo,Custom Travel Mugs Australia,Travel Mugs,Travel Mugs,"Explore Travel Mugs in Australia, with branded and custom options for corporate gifts, events and promotional campaigns.",/custom-travel-mugs-australia,"{""type"":""subcategory"",""category"":""Drinkware"",""subcategory"":""Travel Mugs""}",,[],,draft,5,false,true,false,custom-drinkware-australia,[],false
custom-tumblers-australia,product_category,subcategory,Drinkware > Tumblers,custom tumblers australia,Custom Tumblers Australia | QuirkyPromo,Custom Tumblers Australia,Tumblers,Tumblers,"Explore Tumblers in Australia, with branded and custom options for corporate gifts, events and promotional campaigns.",/custom-tumblers-australia,"{""type"":""subcategory"",""category"":""Drinkware"",""subcategory"":""Tumblers""}",,[],,draft,5,false,true,false,custom-drinkware-australia,[],false
custom-mugs-australia,product_category,subcategory,Drinkware > Mugs,custom mugs australia,Custom Mugs Australia | QuirkyPromo,Custom Mugs Australia,Mugs,Mugs,"Explore Mugs in Australia, with branded and custom options for corporate gifts, events and promotional campaigns.",/custom-mugs-australia,"{""type"":""subcategory"",""category"":""Drinkware"",""subcategory"":""Mugs""}",,[],,draft,5,false,true,false,custom-drinkware-australia,[],false
branded-glassware-australia,product_category,subcategory,Drinkware > Glassware,branded glassware australia,Branded Glassware Australia | QuirkyPromo,Branded Glassware Australia,Glassware,Glassware,"Explore Glassware in Australia, with branded and custom options for corporate gifts, events and promotional campaigns.",/branded-glassware-australia,"{""type"":""subcategory"",""category"":""Drinkware"",""subcategory"":""Glassware""}",,[],,draft,5,false,true,false,custom-drinkware-australia,[],false
custom-flasks-australia,product_category,subcategory,Drinkware > Flasks,custom flasks australia,Custom Flasks Australia | QuirkyPromo,Custom Flasks Australia,Flasks,Flasks,"Explore Flasks in Australia, with branded and custom options for corporate gifts, events and promotional campaigns.",/custom-flasks-australia,"{""type"":""subcategory"",""category"":""Drinkware"",""subcategory"":""Flasks""}",,[],,draft,5,false,true,false,custom-drinkware-australia,[],false
custom-teaware-australia,product_category,subcategory,Drinkware > Teaware,custom teaware australia,Custom Teaware Australia | QuirkyPromo,Custom Teaware Australia,Teaware,Teaware,"Explore Teaware in Australia, with branded and custom options for corporate gifts, events and promotional campaigns.",/custom-teaware-australia,"{""type"":""subcategory"",""category"":""Drinkware"",""subcategory"":""Teaware""}",,[],,draft,5,false,true,false,custom-drinkware-australia,[],false
custom-ballpoint-pens-australia,product_category,subcategory,Pens > Ballpoint Pens,custom ballpoint pens australia,Custom Ballpoint Pens Australia | QuirkyPromo,Custom Ballpoint Pens Australia,Ballpoint Pens,Ballpoint Pens,"Explore Ballpoint Pens in Australia, with branded and custom options for corporate gifts, events and promotional campaigns.",/custom-ballpoint-pens-australia,"{""type"":""subcategory"",""category"":""Pens"",""subcategory"":""Ballpoint Pens""}",,[],,draft,8,true,true,false,branded-pens-australia,[],false
custom-metal-pens-australia,product_category,manual,Pens > Metal Pens,custom metal pens australia,Custom Metal Pens Australia | QuirkyPromo,Custom Metal Pens Australia,Metal Pens,Metal Pens,"Shop Metal Pens in Australia with filtered branded product options for corporate gifts, events and promotional campaigns.",/custom-metal-pens-australia,"{""type"":""compound"",""category"":""Pens"",""material"":""Metal""}",,[],,draft,5,false,true,false,branded-pens-australia,[],false
custom-plastic-pens-australia,product_category,manual,Pens > Plastic Pens,custom plastic pens australia,Custom Plastic Pens Australia | QuirkyPromo,Custom Plastic Pens Australia,Plastic Pens,Plastic Pens,"Shop Plastic Pens in Australia with filtered branded product options for corporate gifts, events and promotional campaigns.",/custom-plastic-pens-australia,"{""type"":""compound"",""category"":""Pens"",""material"":""Plastic""}",,[],,draft,5,false,true,false,branded-pens-australia,[],false
custom-stylus-pens-australia,product_category,subcategory,Pens > Stylus Pens,custom stylus pens australia,Custom Stylus Pens Australia | QuirkyPromo,Custom Stylus Pens Australia,Stylus Pens,Stylus Pens,"Explore Stylus Pens in Australia, with branded and custom options for corporate gifts, events and promotional campaigns.",/custom-stylus-pens-australia,"{""type"":""subcategory"",""category"":""Pens"",""subcategory"":""Stylus Pens""}",,[],,draft,5,false,true,false,branded-pens-australia,[],false
custom-highlighters-australia,product_category,subcategory,Pens > Highlighters,custom highlighters australia,Custom Highlighters Australia | QuirkyPromo,Custom Highlighters Australia,Highlighters,Highlighters,"Explore Highlighters in Australia, with branded and custom options for corporate gifts, events and promotional campaigns.",/custom-highlighters-australia,"{""type"":""subcategory"",""category"":""Pens"",""subcategory"":""Highlighters""}",,[],,draft,5,false,true,false,branded-pens-australia,[],false
custom-markers-australia,product_category,subcategory,Pens > Markers,custom markers australia,Custom Markers Australia | QuirkyPromo,Custom Markers Australia,Markers,Markers,"Explore Markers in Australia, with branded and custom options for corporate gifts, events and promotional campaigns.",/custom-markers-australia,"{""type"":""subcategory"",""category"":""Pens"",""subcategory"":""Markers""}",,[],,draft,5,false,true,false,branded-pens-australia,[],false
eco-pens-australia,product_category,manual,Pens > Eco Pens,eco pens australia,Eco Pens Australia | QuirkyPromo,Eco Pens Australia,Eco Pens,Eco Pens,"Shop Eco Pens in Australia with filtered branded product options for corporate gifts, events and promotional campaigns.",/eco-pens-australia,"{""type"":""compound"",""category"":""Pens"",""is_eco"":true}",,[],,draft,5,false,true,false,branded-pens-australia,[],false
custom-pencils-australia,product_category,subcategory,Pens > Pencils,custom pencils australia,Custom Pencils Australia | QuirkyPromo,Custom Pencils Australia,Pencils,Pencils,"Explore Pencils in Australia, with branded and custom options for corporate gifts, events and promotional campaigns.",/custom-pencils-australia,"{""type"":""subcategory"",""category"":""Pens"",""subcategory"":""Pencils""}",,[],,draft,5,false,true,false,branded-pens-australia,[],false
custom-power-banks-australia,product_category,subcategory,Technology > Power Banks,custom power banks australia,Custom Power Banks Australia | QuirkyPromo,Custom Power Banks Australia,Power Banks,Power Banks,"Explore Power Banks in Australia, with branded and custom options for corporate gifts, events and promotional campaigns.",/custom-power-banks-australia,"{""type"":""subcategory"",""category"":""Technology"",""subcategory"":""Power Banks""}",,[],,draft,8,true,true,false,corporate-tech-gifts-australia,[],false
custom-bluetooth-speakers-australia,product_category,subcategory,Technology > Bluetooth Speakers,custom bluetooth speakers australia,Custom Bluetooth Speakers Australia | QuirkyPromo,Custom Bluetooth Speakers Australia,Bluetooth Speakers,Bluetooth Speakers,"Explore Bluetooth Speakers in Australia, with branded and custom options for corporate gifts, events and promotional campaigns.",/custom-bluetooth-speakers-australia,"{""type"":""subcategory"",""category"":""Technology"",""subcategory"":""Bluetooth Speakers""}",,[],,draft,5,false,true,false,corporate-tech-gifts-australia,[],false
custom-earbuds-australia,product_category,subcategory,Technology > Earbuds & Headphones,custom earbuds australia,Custom Earbuds Australia | QuirkyPromo,Custom Earbuds Australia,Earbuds & Headphones,Earbuds & Headphones,"Explore Earbuds & Headphones in Australia, with branded and custom options for corporate gifts, events and promotional campaigns.",/custom-earbuds-australia,"{""type"":""subcategory"",""category"":""Technology"",""subcategory"":""Earbuds & Headphones""}",,[],,draft,5,false,true,false,corporate-tech-gifts-australia,[],false
custom-charging-cables-australia,product_category,subcategory,Technology > Charging Cables & Chargers,custom charging cables australia,Custom Charging Cables Australia | QuirkyPromo,Custom Charging Cables Australia,Charging Cables & Chargers,Charging Cables & Chargers,"Explore Charging Cables & Chargers in Australia, with branded and custom options for corporate gifts, events and promotional campaigns.",/custom-charging-cables-australia,"{""type"":""subcategory"",""category"":""Technology"",""subcategory"":""Charging Cables & Chargers""}",,[],,draft,5,false,true,false,corporate-tech-gifts-australia,[],false
wireless-chargers-australia,product_category,subcategory,Technology > Wireless Chargers,wireless chargers australia,Wireless Chargers Australia | QuirkyPromo,Wireless Chargers Australia,Wireless Chargers,Wireless Chargers,"Explore Wireless Chargers in Australia, with branded and custom options for corporate gifts, events and promotional campaigns.",/wireless-chargers-australia,"{""type"":""subcategory"",""category"":""Technology"",""subcategory"":""Wireless Chargers""}",,[],,draft,5,false,true,false,corporate-tech-gifts-australia,[],false
custom-phone-accessories-australia,product_category,subcategory,Technology > Phone Accessories,custom phone accessories australia,Custom Phone Accessories Australia | QuirkyPromo,Custom Phone Accessories Australia,Phone Accessories,Phone Accessories,"Explore Phone Accessories in Australia, with branded and custom options for corporate gifts, events and promotional campaigns.",/custom-phone-accessories-australia,"{""type"":""subcategory"",""category"":""Technology"",""subcategory"":""Phone Accessories""}",,[],,draft,5,false,true,false,corporate-tech-gifts-australia,[],false
custom-usb-drives-australia,product_category,subcategory,Technology > USB Flash Drives,custom usb drives australia,Custom Usb Drives Australia | QuirkyPromo,Custom Usb Drives Australia,USB Flash Drives,USB Flash Drives,"Explore USB Flash Drives in Australia, with branded and custom options for corporate gifts, events and promotional campaigns.",/custom-usb-drives-australia,"{""type"":""subcategory"",""category"":""Technology"",""subcategory"":""USB Flash Drives""}",,[],,draft,5,false,true,false,corporate-tech-gifts-australia,[],false
tech-accessories-australia,product_category,subcategory,Technology > Tech Accessories,tech accessories australia,Tech Accessories Australia | QuirkyPromo,Tech Accessories Australia,Tech Accessories,Tech Accessories,"Explore Tech Accessories in Australia, with branded and custom options for corporate gifts, events and promotional campaigns.",/tech-accessories-australia,"{""type"":""subcategory"",""category"":""Technology"",""subcategory"":""Tech Accessories""}",,[],,draft,5,false,true,false,corporate-tech-gifts-australia,[],false
custom-caps-australia,product_category,subcategory,Headwear > Caps,custom caps australia,Custom Caps Australia | QuirkyPromo,Custom Caps Australia,Caps,Caps,"Explore Caps in Australia, with branded and custom options for corporate gifts, events and promotional campaigns.",/custom-caps-australia,"{""type"":""subcategory"",""category"":""Headwear"",""subcategory"":""Caps""}",,[],,draft,5,false,true,false,custom-headwear-australia,[],false
custom-beanies-australia,product_category,subcategory,Headwear > Beanies,custom beanies australia,Custom Beanies Australia | QuirkyPromo,Custom Beanies Australia,Beanies,Beanies,"Explore Beanies in Australia, with branded and custom options for corporate gifts, events and promotional campaigns.",/custom-beanies-australia,"{""type"":""subcategory"",""category"":""Headwear"",""subcategory"":""Beanies""}",,[],,draft,5,false,true,false,custom-headwear-australia,[],false
custom-bucket-hats-australia,product_category,subcategory,Headwear > Bucket Hats,custom bucket hats australia,Custom Bucket Hats Australia | QuirkyPromo,Custom Bucket Hats Australia,Bucket Hats,Bucket Hats,"Explore Bucket Hats in Australia, with branded and custom options for corporate gifts, events and promotional campaigns.",/custom-bucket-hats-australia,"{""type"":""subcategory"",""category"":""Headwear"",""subcategory"":""Bucket Hats""}",,[],,draft,5,false,true,false,custom-headwear-australia,[],false
custom-wide-brim-hats-australia,product_category,subcategory,Headwear > Wide Brim Hats,custom wide brim hats australia,Custom Wide Brim Hats Australia | QuirkyPromo,Custom Wide Brim Hats Australia,Wide Brim Hats,Wide Brim Hats,"Explore Wide Brim Hats in Australia, with branded and custom options for corporate gifts, events and promotional campaigns.",/custom-wide-brim-hats-australia,"{""type"":""subcategory"",""category"":""Headwear"",""subcategory"":""Wide Brim Hats""}",,[],,draft,5,false,true,false,custom-headwear-australia,[],false
straw-hats-australia,product_category,subcategory,Headwear > Straw Hats,straw hats australia,Straw Hats Australia | QuirkyPromo,Straw Hats Australia,Straw Hats,Straw Hats,"Explore Straw Hats in Australia, with branded and custom options for corporate gifts, events and promotional campaigns.",/straw-hats-australia,"{""type"":""subcategory"",""category"":""Headwear"",""subcategory"":""Straw Hats""}",,[],,draft,5,false,true,false,custom-headwear-australia,[],false
custom-visors-australia,product_category,subcategory,Headwear > Visors,custom visors australia,Custom Visors Australia | QuirkyPromo,Custom Visors Australia,Visors,Visors,"Explore Visors in Australia, with branded and custom options for corporate gifts, events and promotional campaigns.",/custom-visors-australia,"{""type"":""subcategory"",""category"":""Headwear"",""subcategory"":""Visors""}",,[],,draft,5,false,true,false,custom-headwear-australia,[],false
novelty-headwear-australia,product_category,subcategory,Headwear > Novelty Headwear,novelty headwear australia,Novelty Headwear Australia | QuirkyPromo,Novelty Headwear Australia,Novelty Headwear,Novelty Headwear,"Explore Novelty Headwear in Australia, with branded and custom options for corporate gifts, events and promotional campaigns.",/novelty-headwear-australia,"{""type"":""subcategory"",""category"":""Headwear"",""subcategory"":""Novelty Headwear""}",,[],,draft,5,false,true,false,custom-headwear-australia,[],false
custom-gift-boxes-australia,product_category,subcategory,Packaging > Gift Boxes,custom gift boxes australia,Custom Gift Boxes Australia | QuirkyPromo,Custom Gift Boxes Australia,Gift Boxes,Gift Boxes,"Explore Gift Boxes in Australia, with branded and custom options for corporate gifts, events and promotional campaigns.",/custom-gift-boxes-australia,"{""type"":""subcategory"",""category"":""Packaging"",""subcategory"":""Gift Boxes""}",,[],,draft,5,false,true,false,custom-packaging-australia,[],false
custom-gift-bags-australia,product_category,subcategory,Packaging > Gift Bags,custom gift bags australia,Custom Gift Bags Australia | QuirkyPromo,Custom Gift Bags Australia,Gift Bags,Gift Bags,"Explore Gift Bags in Australia, with branded and custom options for corporate gifts, events and promotional campaigns.",/custom-gift-bags-australia,"{""type"":""subcategory"",""category"":""Packaging"",""subcategory"":""Gift Bags""}",,[],,draft,5,false,true,false,custom-packaging-australia,[],false
gift-tubes-australia,product_category,subcategory,Packaging > Gift Tubes,gift tubes australia,Gift Tubes Australia | QuirkyPromo,Gift Tubes Australia,Gift Tubes,Gift Tubes,"Explore Gift Tubes in Australia, with branded and custom options for corporate gifts, events and promotional campaigns.",/gift-tubes-australia,"{""type"":""subcategory"",""category"":""Packaging"",""subcategory"":""Gift Tubes""}",,[],,draft,5,false,true,false,custom-packaging-australia,[],false
custom-pouches-australia,product_category,subcategory,Packaging > Pouches,custom pouches australia,Custom Pouches Australia | QuirkyPromo,Custom Pouches Australia,Pouches,Pouches,"Explore Pouches in Australia, with branded and custom options for corporate gifts, events and promotional campaigns.",/custom-pouches-australia,"{""type"":""subcategory"",""category"":""Packaging"",""subcategory"":""Pouches""}",,[],,draft,5,false,true,false,custom-packaging-australia,[],false
custom-tissue-paper-australia,product_category,subcategory,Packaging > Tissue & Wrapping,custom tissue paper australia,Custom Tissue Paper Australia | QuirkyPromo,Custom Tissue Paper Australia,Tissue & Wrapping,Tissue & Wrapping,"Explore Tissue & Wrapping in Australia, with branded and custom options for corporate gifts, events and promotional campaigns.",/custom-tissue-paper-australia,"{""type"":""subcategory"",""category"":""Packaging"",""subcategory"":""Tissue & Wrapping""}",,[],,draft,5,false,true,false,custom-packaging-australia,[],false
ribbons-and-gift-tags-australia,product_category,subcategory,Packaging > Ribbons & Gift Tags,ribbons and gift tags australia,Ribbons and Gift Tags Australia | QuirkyPromo,Ribbons and Gift Tags Australia,Ribbons & Gift Tags,Ribbons & Gift Tags,"Explore Ribbons & Gift Tags in Australia, with branded and custom options for corporate gifts, events and promotional campaigns.",/ribbons-and-gift-tags-australia,"{""type"":""subcategory"",""category"":""Packaging"",""subcategory"":""Ribbons & Gift Tags""}",,[],,draft,5,false,true,false,custom-packaging-australia,[],false
greeting-cards-australia,product_category,subcategory,Packaging > Greeting & Gift Cards,greeting cards australia,Greeting Cards Australia | QuirkyPromo,Greeting Cards Australia,Greeting & Gift Cards,Greeting & Gift Cards,"Explore Greeting & Gift Cards in Australia, with branded and custom options for corporate gifts, events and promotional campaigns.",/greeting-cards-australia,"{""type"":""subcategory"",""category"":""Packaging"",""subcategory"":""Greeting & Gift Cards""}",,[],,draft,5,false,true,false,custom-packaging-australia,[],false
custom-lip-balm-australia,product_category,subcategory,Personal Care > Lip Balms,custom lip balm australia,Custom Lip Balm Australia | QuirkyPromo,Custom Lip Balm Australia,Lip Balms,Lip Balms,"Explore Lip Balms in Australia, with branded and custom options for corporate gifts, events and promotional campaigns.",/custom-lip-balm-australia,"{""type"":""subcategory"",""category"":""Personal Care"",""subcategory"":""Lip Balms""}",,[],,draft,5,false,true,false,branded-personal-care-products-australia,[],false
custom-hand-sanitiser-australia,product_category,subcategory,Personal Care > Hand Sanitiser,custom hand sanitiser australia,Custom Hand Sanitiser Australia | QuirkyPromo,Custom Hand Sanitiser Australia,Hand Sanitiser,Hand Sanitiser,"Explore Hand Sanitiser in Australia, with branded and custom options for corporate gifts, events and promotional campaigns.",/custom-hand-sanitiser-australia,"{""type"":""subcategory"",""category"":""Personal Care"",""subcategory"":""Hand Sanitiser""}",,[],,draft,5,false,true,false,branded-personal-care-products-australia,[],false
custom-face-masks-australia,product_category,subcategory,Personal Care > Face Masks,custom face masks australia,Custom Face Masks Australia | QuirkyPromo,Custom Face Masks Australia,Face Masks,Face Masks,"Explore Face Masks in Australia, with branded and custom options for corporate gifts, events and promotional campaigns.",/custom-face-masks-australia,"{""type"":""subcategory"",""category"":""Personal Care"",""subcategory"":""Face Masks""}",,[],,draft,5,false,true,false,branded-personal-care-products-australia,[],false
sunscreen-australia,product_category,subcategory,Personal Care > Sunscreen & Lotions,sunscreen australia,Sunscreen Australia | QuirkyPromo,Sunscreen Australia,Sunscreen & Lotions,Sunscreen & Lotions,"Explore Sunscreen & Lotions in Australia, with branded and custom options for corporate gifts, events and promotional campaigns.",/sunscreen-australia,"{""type"":""subcategory"",""category"":""Personal Care"",""subcategory"":""Sunscreen & Lotions""}",,[],,draft,5,false,true,false,branded-personal-care-products-australia,[],false
first-aid-kits-australia,product_category,subcategory,Personal Care > First Aid,first aid kits australia,First Aid Kits Australia | QuirkyPromo,First Aid Kits Australia,First Aid,First Aid,"Explore First Aid in Australia, with branded and custom options for corporate gifts, events and promotional campaigns.",/first-aid-kits-australia,"{""type"":""subcategory"",""category"":""Personal Care"",""subcategory"":""First Aid""}",,[],,draft,5,false,true,false,branded-personal-care-products-australia,[],false
manicure-sets-australia,product_category,subcategory,Personal Care > Manicure Sets,manicure sets australia,Manicure Sets Australia | QuirkyPromo,Manicure Sets Australia,Manicure Sets,Manicure Sets,"Explore Manicure Sets in Australia, with branded and custom options for corporate gifts, events and promotional campaigns.",/manicure-sets-australia,"{""type"":""subcategory"",""category"":""Personal Care"",""subcategory"":""Manicure Sets""}",,[],,draft,5,false,true,false,branded-personal-care-products-australia,[],false
compact-mirrors-australia,product_category,subcategory,Personal Care > Mirrors & Beauty Accessories,compact mirrors australia,Compact Mirrors Australia | QuirkyPromo,Compact Mirrors Australia,Mirrors & Beauty Accessories,Mirrors & Beauty Accessories,"Explore Mirrors & Beauty Accessories in Australia, with branded and custom options for corporate gifts, events and promotional campaigns.",/compact-mirrors-australia,"{""type"":""subcategory"",""category"":""Personal Care"",""subcategory"":""Mirrors & Beauty Accessories""}",,[],,draft,5,false,true,false,branded-personal-care-products-australia,[],false
bath-and-body-gifts-australia,product_category,subcategory,Personal Care > Bath & Body,bath and body gifts australia,Bath and Body Gifts Australia | QuirkyPromo,Bath and Body Gifts Australia,Bath & Body,Bath & Body,"Explore Bath & Body in Australia, with branded and custom options for corporate gifts, events and promotional campaigns.",/bath-and-body-gifts-australia,"{""type"":""subcategory"",""category"":""Personal Care"",""subcategory"":""Bath & Body""}",,[],,draft,5,false,true,false,branded-personal-care-products-australia,[],false
grooming-products-australia,product_category,subcategory,Personal Care > Grooming,grooming products australia,Grooming Products Australia | QuirkyPromo,Grooming Products Australia,Grooming,Grooming,"Explore Grooming in Australia, with branded and custom options for corporate gifts, events and promotional campaigns.",/grooming-products-australia,"{""type"":""subcategory"",""category"":""Personal Care"",""subcategory"":""Grooming""}",,[],,draft,5,false,true,false,branded-personal-care-products-australia,[],false
custom-pet-accessories-australia,product_category,subcategory,Pet > Pet Accessories,custom pet accessories australia,Custom Pet Accessories Australia | QuirkyPromo,Custom Pet Accessories Australia,Pet Accessories,Pet Accessories,"Explore Pet Accessories in Australia, with branded and custom options for corporate gifts, events and promotional campaigns.",/custom-pet-accessories-australia,"{""type"":""subcategory"",""category"":""Pet"",""subcategory"":""Pet Accessories""}",,[],,draft,5,false,false,false,branded-pet-products-australia,[],false
promotional-confectionery-australia,product_category,category,Confectionery,promotional confectionery australia,Promotional Confectionery Australia | QuirkyPromo,Promotional Confectionery Australia,Confectionery,Confectionery,"Browse promotional confectionery in Australia, including branded lollies, chocolates and mints for businesses and events.",/promotional-confectionery-australia,"{""type"":""category"",""category"":""Confectionery""}",,[],,draft,3,false,false,false,,[],false
custom-stress-balls-australia,product_category,subcategory,Toys & Games > Stress Balls & Toys,custom stress balls australia,Custom Stress Balls Australia | QuirkyPromo,Custom Stress Balls Australia,Stress Balls & Toys,Stress Balls & Toys,"Explore Stress Balls & Toys in Australia, with branded and custom options for corporate gifts, events and promotional campaigns.",/custom-stress-balls-australia,"{""type"":""subcategory"",""category"":""Toys & Games"",""subcategory"":""Stress Balls & Toys""}",,[],,draft,5,false,true,false,promotional-toys-and-games-australia,[],false
custom-plush-toys-australia,product_category,subcategory,Toys & Games > Plush Toys,custom plush toys australia,Custom Plush Toys Australia | QuirkyPromo,Custom Plush Toys Australia,Plush Toys,Plush Toys,"Explore Plush Toys in Australia, with branded and custom options for corporate gifts, events and promotional campaigns.",/custom-plush-toys-australia,"{""type"":""subcategory"",""category"":""Toys & Games"",""subcategory"":""Plush Toys""}",,[],,draft,5,false,true,false,promotional-toys-and-games-australia,[],false
wooden-toys-and-models-australia,product_category,subcategory,Toys & Games > Wooden Toys & Models,wooden toys and models australia,Wooden Toys and Models Australia | QuirkyPromo,Wooden Toys and Models Australia,Wooden Toys & Models,Wooden Toys & Models,"Explore Wooden Toys & Models in Australia, with branded and custom options for corporate gifts, events and promotional campaigns.",/wooden-toys-and-models-australia,"{""type"":""subcategory"",""category"":""Toys & Games"",""subcategory"":""Wooden Toys & Models""}",,[],,draft,5,false,true,false,promotional-toys-and-games-australia,[],false
custom-games-and-puzzles-australia,product_category,subcategory,Toys & Games > Games & Puzzles,custom games and puzzles australia,Custom Games and Puzzles Australia | QuirkyPromo,Custom Games and Puzzles Australia,Games & Puzzles,Games & Puzzles,"Explore Games & Puzzles in Australia, with branded and custom options for corporate gifts, events and promotional campaigns.",/custom-games-and-puzzles-australia,"{""type"":""subcategory"",""category"":""Toys & Games"",""subcategory"":""Games & Puzzles""}",,[],,draft,5,false,true,false,promotional-toys-and-games-australia,[],false
outdoor-toys-australia,product_category,subcategory,Toys & Games > Outdoor Toys,outdoor toys australia,Outdoor Toys Australia | QuirkyPromo,Outdoor Toys Australia,Outdoor Toys,Outdoor Toys,"Explore Outdoor Toys in Australia, with branded and custom options for corporate gifts, events and promotional campaigns.",/outdoor-toys-australia,"{""type"":""subcategory"",""category"":""Toys & Games"",""subcategory"":""Outdoor Toys""}",,[],,draft,5,false,true,false,promotional-toys-and-games-australia,[],false
colouring-sets-australia,product_category,subcategory,Toys & Games > Colouring & Kids Sets,colouring sets australia,Colouring Sets Australia | QuirkyPromo,Colouring Sets Australia,Colouring & Kids Sets,Colouring & Kids Sets,"Explore Colouring & Kids Sets in Australia, with branded and custom options for corporate gifts, events and promotional campaigns.",/colouring-sets-australia,"{""type"":""subcategory"",""category"":""Toys & Games"",""subcategory"":""Colouring & Kids Sets""}",,[],,draft,5,false,true,false,promotional-toys-and-games-australia,[],false
novelty-toys-australia,product_category,subcategory,Toys & Games > Novelty Toys,novelty toys australia,Novelty Toys Australia | QuirkyPromo,Novelty Toys Australia,Novelty Toys,Novelty Toys,"Explore Novelty Toys in Australia, with branded and custom options for corporate gifts, events and promotional campaigns.",/novelty-toys-australia,"{""type"":""subcategory"",""category"":""Toys & Games"",""subcategory"":""Novelty Toys""}",,[],,draft,5,false,true,false,promotional-toys-and-games-australia,[],false
custom-merch-kits-australia,collection,collection,Custom Merch Kits,custom merch kits Australia,Custom Merch Kits Australia | Branded Kits & Bundles,Custom Merch Kits Australia,Custom Merch Kits,Custom Merch Kits,"Build branded merch kits, gift sets and event bundles using products from QuirkyPromo categories, with options for packaging and custom quote support.",/custom-merch-kits-australia,"{""type"":""kit_collection"",""kit_themes"":[""employee_onboarding"",""conference_event"",""office_school"",""wellness_care"",""beach_outdoor"",""food_drink_gifting"",""eco_sustainable"",""tech_gift_set"",""premium_corporate_gift"",""general_corporate_gifting""],""offer_types"":[""prebuilt_kit"",""prebuilt_bundle"",""gift_set"",""hamper"",""custom_kit_template""],""include_all_kit_candidates"":true}",,[],,draft,100,false,true,true,,[],false
employee-onboarding-kits-australia,collection,collection,Employee Onboarding Kits,employee onboarding kits Australia,Employee Onboarding Kits Australia | Branded Welcome Packs,Employee Onboarding Kits Australia,Employee Onboarding Kits,Employee Onboarding Kits,"Create branded employee onboarding kits with notebooks, pens, drink bottles, bags, apparel, tech gifts and custom packaging.",/employee-onboarding-kits-australia,"{""type"":""kit_collection"",""kit_themes"":[""employee_onboarding"",""office_school""],""offer_types"":[""prebuilt_kit"",""prebuilt_bundle"",""gift_set"",""custom_kit_template""]}",,[],,draft,95,false,true,true,custom-merch-kits-australia,[],false
conference-event-kits-australia,collection,collection,Conference & Event Kits,conference event kits Australia,Conference Event Kits Australia | Branded Event Packs,Conference & Event Kits Australia,Conference & Event Kits,Conference & Event Kits,"Plan branded conference kits and event packs with lanyards, tote bags, notebooks, pens, drink bottles and practical giveaway items.",/conference-event-kits-australia,"{""type"":""kit_collection"",""kit_themes"":[""conference_event""],""offer_types"":[""prebuilt_kit"",""prebuilt_bundle"",""gift_set"",""custom_kit_template""]}",,[],,draft,90,false,true,true,custom-merch-kits-australia,[],false
corporate-gift-sets-australia,collection,collection,Corporate Gift Sets,corporate gift sets Australia,Corporate Gift Sets Australia | Branded Gift Boxes & Hampers,Corporate Gift Sets Australia,Corporate Gift Sets,Corporate Gift Sets,"Source branded corporate gift sets and hampers with drinkware, barware, homewares, confectionery and premium packaging options.",/corporate-gift-sets-australia,"{""type"":""kit_collection"",""kit_themes"":[""food_drink_gifting"",""general_corporate_gifting"",""premium_corporate_gift""],""offer_types"":[""gift_set"",""hamper"",""prebuilt_kit"",""custom_kit_template""]}",,[],,draft,96,false,true,true,custom-merch-kits-australia,[],false
wellness-gift-packs-australia,collection,collection,Wellness Gift Packs,wellness gift packs Australia,Wellness Gift Packs Australia | Branded Care Packs,Wellness Gift Packs Australia,Wellness Gift Packs,Wellness Gift Packs,"Create branded wellness gift packs and care kits with personal care items, drinkware, packaging and practical promotional products.",/wellness-gift-packs-australia,"{""type"":""kit_collection"",""kit_themes"":[""wellness_care""],""offer_types"":[""prebuilt_kit"",""gift_set"",""custom_kit_template""]}",,[],,draft,82,false,true,true,custom-merch-kits-australia,[],false
eco-merch-kits-australia,collection,collection,Eco Merch Kits,eco merch kits Australia,Eco Merch Kits Australia | Sustainable Branded Bundles,Eco Merch Kits Australia,Eco Merch Kits,Eco Merch Kits,"Build eco merch kits with reusable bags, drinkware, notebooks, pens, packaging and sustainable branded product options.",/eco-merch-kits-australia,"{""type"":""kit_collection"",""kit_themes"":[""eco_sustainable""],""offer_types"":[""prebuilt_kit"",""gift_set"",""custom_kit_template""]}",,[],,draft,80,false,true,true,custom-merch-kits-australia,[],false
tech-gift-sets-australia,collection,collection,Tech Gift Sets,tech gift sets Australia,Tech Gift Sets Australia | Branded Technology Bundles,Tech Gift Sets Australia,Tech Gift Sets,Tech Gift Sets,"Source branded tech gift sets with chargers, speakers, earbuds, power banks, office items and custom packaging options.",/tech-gift-sets-australia,"{""type"":""kit_collection"",""kit_themes"":[""tech_gift_set""],""offer_types"":[""gift_set"",""prebuilt_kit"",""custom_kit_template""]}",,[],,draft,86,false,true,false,custom-merch-kits-australia,[],false
outdoor-event-kits-australia,collection,collection,Outdoor Event Kits,outdoor event kits Australia,Outdoor Event Kits Australia | Beach & Summer Merch Packs,Outdoor Event Kits Australia,Outdoor Event Kits,Outdoor Event Kits,"Create outdoor event kits and beach merch packs with bags, drinkware, towels, sunglasses, picnic gear and branded summer items.",/outdoor-event-kits-australia,"{""type"":""kit_collection"",""kit_themes"":[""beach_outdoor""],""offer_types"":[""prebuilt_kit"",""gift_set"",""custom_kit_template""]}",,[],,draft,78,false,true,false,custom-merch-kits-australia,[],false
new-home-gift-kits-australia,landing,collection,New Home Gift Kits,new home gift kits Australia,New Home Gift Kits Australia | Settlement Gift Packs,New Home Gift Kits Australia,New Home Gift Kits,New Home Gift Kits,"Create new home gift kits for property handovers with homewares, drinkware, barware, confectionery and branded packaging.",/new-home-gift-kits-australia,"{""type"":""kit_template"",""kit_themes"":[""new_home""],""offer_types"":[""custom_kit_template""],""source"":""manual_template_from_existing_categories""}",,[],,draft,84,false,true,false,custom-merch-kits-australia,[],false
premium-corporate-gift-sets-australia,collection,collection,Premium Corporate Gift Sets,premium corporate gift sets Australia,Premium Corporate Gift Sets Australia | Executive Branded Gifts,Premium Corporate Gift Sets Australia,Premium Corporate Gift Sets,Premium Corporate Gift Sets,"Plan premium corporate gift sets and executive branded gifts with quality drinkware, tech, barware, homewares and packaging.",/premium-corporate-gift-sets-australia,"{""type"":""kit_collection"",""kit_themes"":[""premium_corporate_gift""],""offer_types"":[""gift_set"",""hamper"",""custom_kit_template""]}",,[],,draft,76,false,false,true,custom-merch-kits-australia,[],false
office-and-school-kits-australia,collection,collection,Office & School Kits,office kits Australia,Office & School Kits Australia | Branded Stationery Packs,Office & School Kits Australia,Office & School Kits,Office & School Kits,"Create branded office kits and school packs with notebooks, pens, bags, stationery and packaging options.",/office-and-school-kits-australia,"{""type"":""kit_collection"",""kit_themes"":[""office_school""],""offer_types"":[""prebuilt_kit"",""gift_set"",""custom_kit_template""]}",,[],,draft,62,false,false,false,custom-merch-kits-australia,[],false
